,file,label,pred_fake
0,train/dr1/fcjf0/si1027.wav,0,59
1,train/dr1/fcjf0/si1657.wav,0,59
2,train/dr1/fcjf0/si648.wav,0,59
3,train/dr1/fdaw0/si1271.wav,1,59
4,train/dr1/fdaw0/si1406.wav,1,59
5,train/dr1/fdaw0/si2036.wav,1,59
6,train/dr1/fdml0/si1149.wav,2,59
7,train/dr1/fdml0/si1779.wav,2,59
8,train/dr1/fdml0/si2075.wav,2,59
9,train/dr1/fecd0/si1418.wav,3,59
10,train/dr1/fecd0/si2048.wav,3,59
11,train/dr1/fecd0/si788.wav,3,361
12,train/dr1/fetb0/si1148.wav,4,361
13,train/dr1/fetb0/si1778.wav,4,361
14,train/dr1/fetb0/si518.wav,4,361
15,train/dr1/fjsp0/si1434.wav,5,361
16,train/dr1/fjsp0/si1763.wav,5,59
17,train/dr1/fjsp0/si804.wav,5,361
18,train/dr1/fkfb0/si1608.wav,6,361
19,train/dr1/fkfb0/si2238.wav,6,361
20,train/dr1/fkfb0/si978.wav,6,361
21,train/dr1/fmem0/si1377.wav,7,361
22,train/dr1/fmem0/si2007.wav,7,361
23,train/dr1/fmem0/si747.wav,7,361
24,train/dr1/fsah0/si1244.wav,8,59
25,train/dr1/fsah0/si1874.wav,8,59
26,train/dr1/fsah0/si614.wav,8,361
27,train/dr1/fsjk1/si1025.wav,9,59
28,train/dr1/fsjk1/si2285.wav,9,59
29,train/dr1/fsjk1/si696.wav,9,361
30,train/dr1/fsma0/si1621.wav,10,59
31,train/dr1/fsma0/si2251.wav,10,59
32,train/dr1/fsma0/si991.wav,10,59
33,train/dr1/ftbr0/si1402.wav,11,59
34,train/dr1/ftbr0/si2181.wav,11,59
35,train/dr1/ftbr0/si921.wav,11,59
36,train/dr1/fvfb0/si1032.wav,12,59
37,train/dr1/fvfb0/si1510.wav,12,361
38,train/dr1/fvfb0/si2292.wav,12,361
39,train/dr1/fvmh0/si1466.wav,13,59
40,train/dr1/fvmh0/si2096.wav,13,59
41,train/dr1/fvmh0/si836.wav,13,59
42,train/dr1/mcpm0/si1194.wav,14,361
43,train/dr1/mcpm0/si1824.wav,14,361
44,train/dr1/mcpm0/si564.wav,14,361
45,train/dr1/mdac0/si1261.wav,15,361
46,train/dr1/mdac0/si1837.wav,15,361
47,train/dr1/mdac0/si631.wav,15,361
48,train/dr1/mdpk0/si1053.wav,16,361
49,train/dr1/mdpk0/si1683.wav,16,361
50,train/dr1/mdpk0/si552.wav,16,361
51,train/dr1/medr0/si1374.wav,17,361
52,train/dr1/medr0/si2004.wav,17,361
53,train/dr1/medr0/si744.wav,17,361
54,train/dr1/mgrl0/si1497.wav,18,361
55,train/dr1/mgrl0/si2127.wav,18,361
56,train/dr1/mgrl0/si867.wav,18,361
57,train/dr1/mjeb1/si1467.wav,19,361
58,train/dr1/mjeb1/si2097.wav,19,361
59,train/dr1/mjeb1/si837.wav,19,361
60,train/dr1/mjwt0/si1291.wav,20,361
61,train/dr1/mjwt0/si1381.wav,20,361
62,train/dr1/mjwt0/si751.wav,20,361
63,train/dr1/mkls0/si1437.wav,21,361
64,train/dr1/mkls0/si1533.wav,21,361
65,train/dr1/mkls0/si2067.wav,21,361
66,train/dr1/mklw0/si1571.wav,22,361
67,train/dr1/mklw0/si1844.wav,22,361
68,train/dr1/mklw0/si2201.wav,22,361
69,train/dr1/mmgg0/si1079.wav,23,361
70,train/dr1/mmgg0/si1709.wav,23,361
71,train/dr1/mmgg0/si2339.wav,23,361
72,train/dr1/mmrp0/si2034.wav,24,361
73,train/dr1/mmrp0/si717.wav,24,361
74,train/dr1/mmrp0/si774.wav,24,361
75,train/dr1/mpgh0/si1554.wav,25,361
76,train/dr1/mpgh0/si675.wav,25,361
77,train/dr1/mpgh0/si924.wav,25,361
78,train/dr1/mpgr0/si1410.wav,26,361
79,train/dr1/mpgr0/si2040.wav,26,361
80,train/dr1/mpgr0/si780.wav,26,361
81,train/dr1/mpsw0/si1067.wav,27,361
82,train/dr1/mpsw0/si1697.wav,27,361
83,train/dr1/mpsw0/si2327.wav,27,361
84,train/dr1/mrai0/si1954.wav,28,361
85,train/dr1/mrai0/si2052.wav,28,361
86,train/dr1/mrai0/si792.wav,28,361
87,train/dr1/mrcg0/si1428.wav,29,361
88,train/dr1/mrcg0/si2058.wav,29,59
89,train/dr1/mrcg0/si798.wav,29,361
90,train/dr1/mrdd0/si1050.wav,30,361
91,train/dr1/mrdd0/si1680.wav,30,361
92,train/dr1/mrdd0/si2310.wav,30,361
93,train/dr1/mrso0/si1206.wav,31,361
94,train/dr1/mrso0/si1659.wav,31,361
95,train/dr1/mrso0/si2289.wav,31,361
96,train/dr1/mrws0/si1102.wav,32,361
97,train/dr1/mrws0/si1732.wav,32,361
98,train/dr1/mrws0/si472.wav,32,361
99,train/dr1/mtjs0/si1192.wav,33,361
100,train/dr1/mtjs0/si1822.wav,33,361
101,train/dr1/mtjs0/si562.wav,33,361
102,train/dr1/mtpf0/si1235.wav,34,361
103,train/dr1/mtpf0/si1865.wav,34,361
104,train/dr1/mtpf0/si605.wav,34,361
105,train/dr1/mtrr0/si1548.wav,35,361
106,train/dr1/mtrr0/si2178.wav,35,361
107,train/dr1/mtrr0/si918.wav,35,361
108,train/dr1/mwad0/si1062.wav,36,361
109,train/dr1/mwad0/si1749.wav,36,361
110,train/dr1/mwad0/si2322.wav,36,361
111,train/dr1/mwar0/si1045.wav,37,361
112,train/dr1/mwar0/si1675.wav,37,361
113,train/dr1/mwar0/si2305.wav,37,361
114,train/dr2/faem0/si1392.wav,38,361
115,train/dr2/faem0/si2022.wav,38,361
116,train/dr2/faem0/si762.wav,38,361
117,train/dr2/fajw0/si1263.wav,39,361
118,train/dr2/fajw0/si1893.wav,39,59
119,train/dr2/fajw0/si633.wav,39,361
120,train/dr2/fcaj0/si1479.wav,40,59
121,train/dr2/fcaj0/si1804.wav,40,361
122,train/dr2/fcaj0/si849.wav,40,361
123,train/dr2/fcmm0/si1083.wav,41,41
124,train/dr2/fcmm0/si1957.wav,41,59
125,train/dr2/fcmm0/si453.wav,41,59
126,train/dr2/fcyl0/si1297.wav,42,59
127,train/dr2/fcyl0/si1927.wav,42,361
128,train/dr2/fcyl0/si667.wav,42,59
129,train/dr2/fdas1/si1461.wav,43,59
130,train/dr2/fdas1/si2091.wav,43,59
131,train/dr2/fdas1/si831.wav,43,59
132,train/dr2/fdnc0/si1278.wav,44,59
133,train/dr2/fdnc0/si1908.wav,44,59
134,train/dr2/fdnc0/si2287.wav,44,59
135,train/dr2/fdxw0/si1511.wav,45,59
136,train/dr2/fdxw0/si2141.wav,45,59
137,train/dr2/fdxw0/si881.wav,45,59
138,train/dr2/feac0/si1245.wav,46,59
139,train/dr2/feac0/si1875.wav,46,59
140,train/dr2/feac0/si615.wav,46,59
141,train/dr2/fhlm0/si1560.wav,47,59
142,train/dr2/fhlm0/si2190.wav,47,361
143,train/dr2/fhlm0/si930.wav,47,59
144,train/dr2/fjkl0/si1562.wav,48,59
145,train/dr2/fjkl0/si2192.wav,48,361
146,train/dr2/fjkl0/si932.wav,48,361
147,train/dr2/fkaa0/si1208.wav,49,59
148,train/dr2/fkaa0/si1838.wav,49,59
149,train/dr2/fkaa0/si578.wav,49,361
150,train/dr2/flma0/si1243.wav,50,59
151,train/dr2/flma0/si1873.wav,50,59
152,train/dr2/flma0/si613.wav,50,59
153,train/dr2/flmc0/si1372.wav,51,59
154,train/dr2/flmc0/si2002.wav,51,59
155,train/dr2/flmc0/si742.wav,51,361
156,train/dr2/fmjb0/si1177.wav,52,59
157,train/dr2/fmjb0/si1807.wav,52,59
158,train/dr2/fmjb0/si547.wav,52,59
159,train/dr2/fmkf0/si1018.wav,53,361
160,train/dr2/fmkf0/si1536.wav,53,361
161,train/dr2/fmkf0/si906.wav,53,361
162,train/dr2/fmmh0/si1537.wav,54,59
163,train/dr2/fmmh0/si2167.wav,54,59
164,train/dr2/fmmh0/si907.wav,54,59
165,train/dr2/fpjf0/si1046.wav,55,59
166,train/dr2/fpjf0/si1259.wav,55,59
167,train/dr2/fpjf0/si1676.wav,55,59
168,train/dr2/frll0/si1514.wav,56,56
169,train/dr2/frll0/si805.wav,56,56
170,train/dr2/frll0/si884.wav,56,361
171,train/dr2/fscn0/si1886.wav,57,59
172,train/dr2/fscn0/si626.wav,57,59
173,train/dr2/fscn0/si705.wav,57,59
174,train/dr2/fskl0/si1529.wav,58,59
175,train/dr2/fskl0/si2159.wav,58,59
176,train/dr2/fskl0/si899.wav,58,59
177,train/dr2/fsrh0/si1719.wav,59,59
178,train/dr2/fsrh0/si1931.wav,59,59
179,train/dr2/fsrh0/si671.wav,59,59
180,train/dr2/ftmg0/si1532.wav,60,59
181,train/dr2/ftmg0/si2162.wav,60,59
182,train/dr2/ftmg0/si902.wav,60,59
183,train/dr2/marc0/si1188.wav,61,361
184,train/dr2/marc0/si1818.wav,61,361
185,train/dr2/marc0/si558.wav,61,361
186,train/dr2/mbjv0/si1247.wav,62,361
187,train/dr2/mbjv0/si1877.wav,62,361
188,train/dr2/mbjv0/si617.wav,62,361
189,train/dr2/mcew0/si1442.wav,63,361
190,train/dr2/mcew0/si2072.wav,63,361
191,train/dr2/mcew0/si812.wav,63,361
192,train/dr2/mctm0/si1350.wav,64,361
193,train/dr2/mctm0/si1980.wav,64,361
194,train/dr2/mctm0/si720.wav,64,361
195,train/dr2/mdbp0/si1158.wav,65,361
196,train/dr2/mdbp0/si1788.wav,65,361
197,train/dr2/mdbp0/si528.wav,65,361
198,train/dr2/mdem0/si1868.wav,66,361
199,train/dr2/mdem0/si608.wav,66,361
200,train/dr2/mdem0/si800.wav,66,361
201,train/dr2/mdlb0/si1306.wav,67,361
202,train/dr2/mdlb0/si1936.wav,67,361
203,train/dr2/mdlb0/si676.wav,67,361
204,train/dr2/mdlc2/si1614.wav,68,361
205,train/dr2/mdlc2/si2244.wav,68,361
206,train/dr2/mdlc2/si984.wav,68,361
207,train/dr2/mdmt0/si1832.wav,69,361
208,train/dr2/mdmt0/si2341.wav,69,361
209,train/dr2/mdmt0/si572.wav,69,361
210,train/dr2/mdps0/si1651.wav,70,361
211,train/dr2/mdps0/si1979.wav,70,361
212,train/dr2/mdps0/si719.wav,70,361
213,train/dr2/mdss0/si1881.wav,71,361
214,train/dr2/mdss0/si2087.wav,71,361
215,train/dr2/mdss0/si621.wav,71,361
216,train/dr2/mdwd0/si1260.wav,72,361
217,train/dr2/mdwd0/si1890.wav,72,361
218,train/dr2/mdwd0/si557.wav,72,59
219,train/dr2/mefg0/si465.wav,73,361
220,train/dr2/mefg0/si491.wav,73,361
221,train/dr2/mefg0/si598.wav,73,361
222,train/dr2/mhrm0/si1475.wav,74,361
223,train/dr2/mhrm0/si2218.wav,74,361
224,train/dr2/mhrm0/si958.wav,74,361
225,train/dr2/mjae0/si1524.wav,75,361
226,train/dr2/mjae0/si1999.wav,75,361
227,train/dr2/mjae0/si2154.wav,75,361
228,train/dr2/mjbg0/si1232.wav,76,361
229,train/dr2/mjbg0/si1724.wav,76,59
230,train/dr2/mjbg0/si1862.wav,76,361
231,train/dr2/mjde0/si1120.wav,77,361
232,train/dr2/mjde0/si463.wav,77,361
233,train/dr2/mjde0/si490.wav,77,361
234,train/dr2/mjeb0/si1286.wav,78,361
235,train/dr2/mjeb0/si1916.wav,78,361
236,train/dr2/mjeb0/si656.wav,78,361
237,train/dr2/mjhi0/si1328.wav,79,361
238,train/dr2/mjhi0/si555.wav,79,59
239,train/dr2/mjhi0/si698.wav,79,361
240,train/dr2/mjma0/si1495.wav,80,361
241,train/dr2/mjma0/si2125.wav,80,361
242,train/dr2/mjma0/si865.wav,80,361
243,train/dr2/mjmd0/si1028.wav,81,361
244,train/dr2/mjmd0/si1658.wav,81,361
245,train/dr2/mjmd0/si2288.wav,81,361
246,train/dr2/mjpm0/si1368.wav,82,361
247,train/dr2/mjpm0/si1998.wav,82,361
248,train/dr2/mjpm0/si738.wav,82,361
249,train/dr2/mjrp0/si1835.wav,83,361
250,train/dr2/mjrp0/si1845.wav,83,361
251,train/dr2/mjrp0/si585.wav,83,361
252,train/dr2/mkah0/si1528.wav,84,361
253,train/dr2/mkah0/si2158.wav,84,361
254,train/dr2/mkah0/si898.wav,84,361
255,train/dr2/mkaj0/si1414.wav,85,361
256,train/dr2/mkaj0/si2044.wav,85,361
257,train/dr2/mkaj0/si784.wav,85,361
258,train/dr2/mkdt0/si2153.wav,86,361
259,train/dr2/mkdt0/si814.wav,86,361
260,train/dr2/mkdt0/si893.wav,86,361
261,train/dr2/mkjo0/si1517.wav,87,361
262,train/dr2/mkjo0/si2147.wav,87,361
263,train/dr2/mkjo0/si887.wav,87,361
264,train/dr2/mmaa0/si1588.wav,88,361
265,train/dr2/mmaa0/si2105.wav,88,361
266,train/dr2/mmaa0/si845.wav,88,361
267,train/dr2/mmag0/si1126.wav,89,361
268,train/dr2/mmag0/si1756.wav,89,361
269,train/dr2/mmag0/si496.wav,89,361
270,train/dr2/mmds0/si1343.wav,90,361
271,train/dr2/mmds0/si1973.wav,90,361
272,train/dr2/mmds0/si713.wav,90,361
273,train/dr2/mmgk0/si1322.wav,91,361
274,train/dr2/mmgk0/si1952.wav,91,361
275,train/dr2/mmgk0/si692.wav,91,361
276,train/dr2/mmxs0/si2136.wav,92,361
277,train/dr2/mmxs0/si629.wav,92,361
278,train/dr2/mmxs0/si876.wav,92,361
279,train/dr2/mppc0/si1412.wav,93,361
280,train/dr2/mppc0/si2042.wav,93,361
281,train/dr2/mppc0/si782.wav,93,361
282,train/dr2/mprb0/si1205.wav,94,361
283,train/dr2/mprb0/si1215.wav,94,361
284,train/dr2/mprb0/si575.wav,94,361
285,train/dr2/mrab0/si1224.wav,95,361
286,train/dr2/mrab0/si1854.wav,95,361
287,train/dr2/mrab0/si594.wav,95,361
288,train/dr2/mrcw0/si1371.wav,96,361
289,train/dr2/mrcw0/si2001.wav,96,361
290,train/dr2/mrcw0/si741.wav,96,361
291,train/dr2/mrfk0/si1076.wav,97,361
292,train/dr2/mrfk0/si1706.wav,97,361
293,train/dr2/mrfk0/si2336.wav,97,361
294,train/dr2/mrgs0/si1356.wav,98,59
295,train/dr2/mrgs0/si1986.wav,98,59
296,train/dr2/mrgs0/si726.wav,98,361
297,train/dr2/mrhl0/si1515.wav,99,361
298,train/dr2/mrhl0/si2145.wav,99,361
299,train/dr2/mrhl0/si885.wav,99,361
300,train/dr2/mrjh0/si1519.wav,100,361
301,train/dr2/mrjh0/si889.wav,100,361
302,train/dr2/mrjh0/si914.wav,100,361
303,train/dr2/mrjm0/si1095.wav,101,361
304,train/dr2/mrjm0/si1228.wav,101,361
305,train/dr2/mrjm0/si1858.wav,101,361
306,train/dr2/mrjm1/si1298.wav,102,361
307,train/dr2/mrjm1/si1928.wav,102,361
308,train/dr2/mrjm1/si668.wav,102,361
309,train/dr2/mrjt0/si1498.wav,103,361
310,train/dr2/mrjt0/si1805.wav,103,103
311,train/dr2/mrjt0/si868.wav,103,361
312,train/dr2/mrlj0/si1420.wav,104,361
313,train/dr2/mrlj0/si2050.wav,104,361
314,train/dr2/mrlj0/si790.wav,104,361
315,train/dr2/mrlr0/si1196.wav,105,361
316,train/dr2/mrlr0/si1826.wav,105,361
317,train/dr2/mrlr0/si566.wav,105,361
318,train/dr2/mrms0/si1113.wav,106,361
319,train/dr2/mrms0/si2057.wav,106,361
320,train/dr2/mrms0/si2100.wav,106,361
321,train/dr2/msat0/si1526.wav,107,361
322,train/dr2/msat0/si2156.wav,107,361
323,train/dr2/msat0/si896.wav,107,361
324,train/dr2/mtat1/si1409.wav,108,361
325,train/dr2/mtat1/si1627.wav,108,361
326,train/dr2/mtat1/si779.wav,108,361
327,train/dr2/mtbc0/si1173.wav,109,361
328,train/dr2/mtbc0/si1803.wav,109,361
329,train/dr2/mtbc0/si543.wav,109,361
330,train/dr2/mtdb0/si1401.wav,110,361
331,train/dr2/mtdb0/si2031.wav,110,361
332,train/dr2/mtdb0/si771.wav,110,361
333,train/dr2/mtjg0/si1520.wav,111,361
334,train/dr2/mtjg0/si2157.wav,111,361
335,train/dr2/mtjg0/si890.wav,111,361
336,train/dr2/mwsb0/si1626.wav,112,361
337,train/dr2/mwsb0/si2256.wav,112,361
338,train/dr2/mwsb0/si996.wav,112,361
339,train/dr2/mzmb0/si1166.wav,113,361
340,train/dr2/mzmb0/si1796.wav,113,361
341,train/dr2/mzmb0/si536.wav,113,361
342,train/dr3/falk0/si1086.wav,114,361
343,train/dr3/falk0/si456.wav,114,361
344,train/dr3/falk0/si658.wav,114,59
345,train/dr3/fcke0/si1111.wav,115,59
346,train/dr3/fcke0/si1741.wav,115,59
347,train/dr3/fcke0/si481.wav,115,59
348,train/dr3/fcmg0/si1142.wav,116,59
349,train/dr3/fcmg0/si1242.wav,116,59
350,train/dr3/fcmg0/si1872.wav,116,59
351,train/dr3/fdfb0/si1318.wav,117,59
352,train/dr3/fdfb0/si1948.wav,117,59
353,train/dr3/fdfb0/si2010.wav,117,59
354,train/dr3/fdjh0/si1565.wav,118,361
355,train/dr3/fdjh0/si2195.wav,118,361
356,train/dr3/fdjh0/si935.wav,118,361
357,train/dr3/feme0/si1505.wav,119,361
358,train/dr3/feme0/si2135.wav,119,361
359,train/dr3/feme0/si875.wav,119,361
360,train/dr3/fgcs0/si1486.wav,120,361
361,train/dr3/fgcs0/si2116.wav,120,59
362,train/dr3/fgcs0/si856.wav,120,361
363,train/dr3/fgrw0/si1152.wav,121,59
364,train/dr3/fgrw0/si1782.wav,121,59
365,train/dr3/fgrw0/si1990.wav,121,59
366,train/dr3/fjlg0/si1506.wav,122,59
367,train/dr3/fjlg0/si1889.wav,122,59
368,train/dr3/fjlg0/si2306.wav,122,59
369,train/dr3/fjlr0/si1231.wav,123,59
370,train/dr3/fjlr0/si1861.wav,123,59
371,train/dr3/fjlr0/si601.wav,123,59
372,train/dr3/flac0/si1339.wav,124,361
373,train/dr3/flac0/si2161.wav,124,59
374,train/dr3/flac0/si901.wav,124,59
375,train/dr3/fljd0/si1516.wav,125,361
376,train/dr3/fljd0/si2146.wav,125,59
377,train/dr3/fljd0/si886.wav,125,59
378,train/dr3/fltm0/si1070.wav,126,59
379,train/dr3/fltm0/si1700.wav,126,361
380,train/dr3/fltm0/si2330.wav,126,59
381,train/dr3/fmjf0/si1254.wav,127,59
382,train/dr3/fmjf0/si1884.wav,127,59
383,train/dr3/fmjf0/si624.wav,127,59
384,train/dr3/fntb0/si1203.wav,128,59
385,train/dr3/fntb0/si573.wav,128,361
386,train/dr3/fntb0/si679.wav,128,59
387,train/dr3/fpaz0/si1593.wav,129,59
388,train/dr3/fpaz0/si2223.wav,129,59
389,train/dr3/fpaz0/si963.wav,129,59
390,train/dr3/fsjs0/si1171.wav,130,59
391,train/dr3/fsjs0/si1801.wav,130,361
392,train/dr3/fsjs0/si541.wav,130,361
393,train/dr3/fsjw0/si1333.wav,131,59
394,train/dr3/fsjw0/si1963.wav,131,361
395,train/dr3/fsjw0/si703.wav,131,59
396,train/dr3/fskc0/si1416.wav,132,59
397,train/dr3/fskc0/si2046.wav,132,59
398,train/dr3/fskc0/si786.wav,132,361
399,train/dr3/fsls0/si1056.wav,133,361
400,train/dr3/fsls0/si1686.wav,133,361
401,train/dr3/fsls0/si2316.wav,133,361
402,train/dr3/madc0/si1367.wav,134,361
403,train/dr3/madc0/si1997.wav,134,361
404,train/dr3/madc0/si737.wav,134,361
405,train/dr3/makb0/si1016.wav,135,361
406,train/dr3/makb0/si1646.wav,135,361
407,train/dr3/makb0/si2276.wav,135,361
408,train/dr3/makr0/si1352.wav,136,361
409,train/dr3/makr0/si1982.wav,136,361
410,train/dr3/makr0/si722.wav,136,361
411,train/dr3/mapv0/si1293.wav,137,361
412,train/dr3/mapv0/si1923.wav,137,361
413,train/dr3/mapv0/si663.wav,137,361
414,train/dr3/mbef0/si1281.wav,138,361
415,train/dr3/mbef0/si1911.wav,138,361
416,train/dr3/mbef0/si651.wav,138,361
417,train/dr3/mcal0/si1138.wav,139,361
418,train/dr3/mcal0/si1768.wav,139,361
419,train/dr3/mcal0/si508.wav,139,361
420,train/dr3/mcdc0/si1292.wav,140,361
421,train/dr3/mcdc0/si1922.wav,140,361
422,train/dr3/mcdc0/si662.wav,140,361
423,train/dr3/mcdd0/si1513.wav,141,361
424,train/dr3/mcdd0/si2143.wav,141,361
425,train/dr3/mcdd0/si883.wav,141,361
426,train/dr3/mcef0/si1135.wav,142,361
427,train/dr3/mcef0/si1765.wav,142,361
428,train/dr3/mcef0/si842.wav,142,361
429,train/dr3/mdbb1/si1006.wav,143,361
430,train/dr3/mdbb1/si1636.wav,143,361
431,train/dr3/mdbb1/si2056.wav,143,361
432,train/dr3/mddc0/si1419.wav,144,361
433,train/dr3/mddc0/si2049.wav,144,361
434,train/dr3/mddc0/si789.wav,144,361
435,train/dr3/mdef0/si1123.wav,145,361
436,train/dr3/mdef0/si1563.wav,145,361
437,train/dr3/mdef0/si2193.wav,145,361
438,train/dr3/mdhs0/si1530.wav,146,361
439,train/dr3/mdhs0/si2160.wav,146,361
440,train/dr3/mdhs0/si900.wav,146,361
441,train/dr3/mdjm0/si1455.wav,147,361
442,train/dr3/mdjm0/si2085.wav,147,361
443,train/dr3/mdjm0/si825.wav,147,361
444,train/dr3/mdlc0/si1395.wav,148,361
445,train/dr3/mdlc0/si2025.wav,148,361
446,train/dr3/mdlc0/si765.wav,148,361
447,train/dr3/mdlh0/si1960.wav,149,59
448,train/dr3/mdlh0/si574.wav,149,59
449,train/dr3/mdlh0/si700.wav,149,361
450,train/dr3/mdns0/si1011.wav,150,361
451,train/dr3/mdns0/si2271.wav,150,361
452,train/dr3/mdns0/si873.wav,150,361
453,train/dr3/mdss1/si1327.wav,151,361
454,train/dr3/mdss1/si1713.wav,151,361
455,train/dr3/mdss1/si697.wav,151,361
456,train/dr3/mdtb0/si1200.wav,152,361
457,train/dr3/mdtb0/si1830.wav,152,361
458,train/dr3/mdtb0/si570.wav,152,361
459,train/dr3/mdwm0/si1546.wav,153,361
460,train/dr3/mdwm0/si2176.wav,153,361
461,train/dr3/mdwm0/si916.wav,153,361
462,train/dr3/mfmc0/si1132.wav,154,361
463,train/dr3/mfmc0/si1762.wav,154,361
464,train/dr3/mfmc0/si502.wav,154,361
465,train/dr3/mgaf0/si1282.wav,155,361
466,train/dr3/mgaf0/si1912.wav,155,361
467,train/dr3/mgaf0/si652.wav,155,361
468,train/dr3/mhjb0/si1017.wav,156,361
469,train/dr3/mhjb0/si1647.wav,156,361
470,train/dr3/mhjb0/si2277.wav,156,361
471,train/dr3/mhmr0/si1119.wav,157,361
472,train/dr3/mhmr0/si1692.wav,157,361
473,train/dr3/mhmr0/si489.wav,157,361
474,train/dr3/milb0/si2163.wav,158,361
475,train/dr3/milb0/si807.wav,158,361
476,train/dr3/milb0/si903.wav,158,361
477,train/dr3/mjda0/si1031.wav,159,361
478,train/dr3/mjda0/si1661.wav,159,361
479,train/dr3/mjda0/si2291.wav,159,361
480,train/dr3/mjjb0/si1139.wav,160,361
481,train/dr3/mjjb0/si1277.wav,160,361
482,train/dr3/mjjb0/si1769.wav,160,361
483,train/dr3/mjkr0/si1201.wav,161,361
484,train/dr3/mjkr0/si1831.wav,161,361
485,train/dr3/mjkr0/si571.wav,161,361
486,train/dr3/mjlg1/si1012.wav,162,361
487,train/dr3/mjlg1/si1642.wav,162,361
488,train/dr3/mjlg1/si2272.wav,162,361
489,train/dr3/mjrh1/si1558.wav,163,361
490,train/dr3/mjrh1/si1774.wav,163,361
491,train/dr3/mjrh1/si514.wav,163,361
492,train/dr3/mkls1/si1545.wav,164,361
493,train/dr3/mkls1/si2175.wav,164,361
494,train/dr3/mkls1/si915.wav,164,361
495,train/dr3/mkxl0/si1185.wav,165,361
496,train/dr3/mkxl0/si1815.wav,165,361
497,train/dr3/mkxl0/si1958.wav,165,361
498,train/dr3/mlns0/si1407.wav,166,361
499,train/dr3/mlns0/si2037.wav,166,361
500,train/dr3/mlns0/si777.wav,166,361
501,train/dr3/mmam0/si1597.wav,167,361
502,train/dr3/mmam0/si1668.wav,167,361
503,train/dr3/mmam0/si2227.wav,167,361
504,train/dr3/mmar0/si1336.wav,168,361
505,train/dr3/mmar0/si1966.wav,168,361
506,train/dr3/mmar0/si706.wav,168,361
507,train/dr3/mmeb0/si1357.wav,169,361
508,train/dr3/mmeb0/si1987.wav,169,361
509,train/dr3/mmeb0/si727.wav,169,361
510,train/dr3/mmjb1/si1408.wav,170,59
511,train/dr3/mmjb1/si2038.wav,170,361
512,train/dr3/mmjb1/si778.wav,170,361
513,train/dr3/mmsm0/si1106.wav,171,361
514,train/dr3/mmsm0/si1736.wav,171,361
515,train/dr3/mmsm0/si476.wav,171,361
516,train/dr3/mprd0/si1431.wav,172,361
517,train/dr3/mprd0/si2061.wav,172,361
518,train/dr3/mprd0/si801.wav,172,361
519,train/dr3/mrbc0/si1665.wav,173,361
520,train/dr3/mrbc0/si1859.wav,173,361
521,train/dr3/mrbc0/si599.wav,173,361
522,train/dr3/mrds0/si1167.wav,174,59
523,train/dr3/mrds0/si1797.wav,174,361
524,train/dr3/mrds0/si537.wav,174,361
525,train/dr3/mree0/si1104.wav,175,361
526,train/dr3/mree0/si1734.wav,175,361
527,train/dr3/mree0/si1959.wav,175,361
528,train/dr3/mreh1/si1599.wav,176,361
529,train/dr3/mreh1/si2229.wav,176,361
530,train/dr3/mreh1/si969.wav,176,361
531,train/dr3/mrjb1/si1020.wav,177,361
532,train/dr3/mrjb1/si1413.wav,177,361
533,train/dr3/mrjb1/si2021.wav,177,361
534,train/dr3/mrtc0/si1458.wav,178,361
535,train/dr3/mrtc0/si2088.wav,178,361
536,train/dr3/mrtc0/si828.wav,178,361
537,train/dr3/mrtj0/si1551.wav,179,361
538,train/dr3/mrtj0/si2032.wav,179,361
539,train/dr3/mrtj0/si772.wav,179,361
540,train/dr3/mrwa0/si1603.wav,180,361
541,train/dr3/mrwa0/si2233.wav,180,361
542,train/dr3/mrwa0/si973.wav,180,361
543,train/dr3/msfv0/si1262.wav,181,361
544,train/dr3/msfv0/si1892.wav,181,361
545,train/dr3/msfv0/si632.wav,181,361
546,train/dr3/mtjm0/si1226.wav,182,361
547,train/dr3/mtjm0/si1856.wav,182,361
548,train/dr3/mtjm0/si655.wav,182,361
549,train/dr3/mtkp0/si1023.wav,183,361
550,train/dr3/mtkp0/si2283.wav,183,361
551,train/dr3/mtkp0/si454.wav,183,361
552,train/dr3/mtlb0/si1134.wav,184,361
553,train/dr3/mtlb0/si1764.wav,184,361
554,train/dr3/mtlb0/si504.wav,184,361
555,train/dr3/mtpg0/si1383.wav,185,361
556,train/dr3/mtpg0/si2013.wav,185,361
557,train/dr3/mtpg0/si753.wav,185,361
558,train/dr3/mtpp0/si1508.wav,186,361
559,train/dr3/mtpp0/si2138.wav,186,361
560,train/dr3/mtpp0/si878.wav,186,361
561,train/dr3/mvjh0/si1556.wav,187,361
562,train/dr3/mvjh0/si2186.wav,187,361
563,train/dr3/mvjh0/si926.wav,187,361
564,train/dr3/mwdk0/si1436.wav,188,361
565,train/dr3/mwdk0/si2017.wav,188,361
566,train/dr3/mwdk0/si806.wav,188,361
567,train/dr3/mwgr0/si1606.wav,189,361
568,train/dr3/mwgr0/si2236.wav,189,361
569,train/dr3/mwgr0/si976.wav,189,361
570,train/dr4/falr0/si1325.wav,190,59
571,train/dr4/falr0/si1955.wav,190,59
572,train/dr4/falr0/si695.wav,190,59
573,train/dr4/fbas0/si1387.wav,191,361
574,train/dr4/fbas0/si1472.wav,191,59
575,train/dr4/fbas0/si2066.wav,191,361
576,train/dr4/fbmj0/si1776.wav,192,361
577,train/dr4/fbmj0/si516.wav,192,361
578,train/dr4/fbmj0/si815.wav,192,361
579,train/dr4/fcag0/si1503.wav,193,59
580,train/dr4/fcag0/si1641.wav,193,59
581,train/dr4/fcag0/si2133.wav,193,59
582,train/dr4/fdkn0/si1081.wav,194,361
583,train/dr4/fdkn0/si1202.wav,194,59
584,train/dr4/fdkn0/si1711.wav,194,59
585,train/dr4/feeh0/si1112.wav,195,59
586,train/dr4/feeh0/si1742.wav,195,59
587,train/dr4/feeh0/si471.wav,195,59
588,train/dr4/fjwb1/si2055.wav,196,59
589,train/dr4/fjwb1/si748.wav,196,59
590,train/dr4/fjwb1/si795.wav,196,59
591,train/dr4/fjxp0/si1122.wav,197,361
592,train/dr4/fjxp0/si1752.wav,197,59
593,train/dr4/fjxp0/si492.wav,197,59
594,train/dr4/fkdw0/si1207.wav,198,361
595,train/dr4/fkdw0/si1891.wav,198,361
596,train/dr4/fkdw0/si577.wav,198,361
597,train/dr4/fklc0/si1615.wav,199,59
598,train/dr4/fklc0/si2245.wav,199,59
599,train/dr4/fklc0/si985.wav,199,59
600,train/dr4/flhd0/si1344.wav,200,59
601,train/dr4/flhd0/si1827.wav,200,59
602,train/dr4/flhd0/si1974.wav,200,59
603,train/dr4/flkm0/si1880.wav,201,59
604,train/dr4/flkm0/si620.wav,201,59
605,train/dr4/flkm0/si686.wav,201,59
606,train/dr4/fpaf0/si1054.wav,202,59
607,train/dr4/fpaf0/si1684.wav,202,361
608,train/dr4/fpaf0/si2314.wav,202,59
609,train/dr4/fsak0/si1300.wav,203,59
610,train/dr4/fsak0/si1930.wav,203,59
611,train/dr4/fsak0/si670.wav,203,59
612,train/dr4/fssb0/si1082.wav,204,361
613,train/dr4/fssb0/si1712.wav,204,59
614,train/dr4/fssb0/si2342.wav,204,361
615,train/dr4/maeb0/si1411.wav,205,361
616,train/dr4/maeb0/si2250.wav,205,361
617,train/dr4/maeb0/si990.wav,205,361
618,train/dr4/marw0/si1276.wav,206,361
619,train/dr4/marw0/si1906.wav,206,361
620,train/dr4/marw0/si646.wav,206,361
621,train/dr4/mbma0/si1222.wav,207,361
622,train/dr4/mbma0/si1852.wav,207,207
623,train/dr4/mbma0/si592.wav,207,361
624,train/dr4/mbwp0/si1531.wav,208,361
625,train/dr4/mbwp0/si1969.wav,208,349
626,train/dr4/mbwp0/si709.wav,208,361
627,train/dr4/mcdr0/si1154.wav,209,361
628,train/dr4/mcdr0/si1784.wav,209,361
629,train/dr4/mcdr0/si524.wav,209,361
630,train/dr4/mcss0/si1380.wav,210,361
631,train/dr4/mcss0/si688.wav,210,361
632,train/dr4/mcss0/si750.wav,210,361
633,train/dr4/mdcd0/si1415.wav,211,361
634,train/dr4/mdcd0/si2045.wav,211,361
635,train/dr4/mdcd0/si785.wav,211,361
636,train/dr4/mdma0/si1238.wav,212,361
637,train/dr4/mdma0/si1430.wav,212,361
638,train/dr4/mdma0/si2060.wav,212,361
639,train/dr4/mesg0/si1332.wav,213,361
640,train/dr4/mesg0/si1962.wav,213,361
641,train/dr4/mesg0/si702.wav,213,361
642,train/dr4/mfrm0/si1155.wav,214,361
643,train/dr4/mfrm0/si1717.wav,214,361
644,train/dr4/mfrm0/si1785.wav,214,361
645,train/dr4/mfwk0/si1249.wav,215,361
646,train/dr4/mfwk0/si1879.wav,215,361
647,train/dr4/mfwk0/si619.wav,215,361
648,train/dr4/mgag0/si1321.wav,216,361
649,train/dr4/mgag0/si645.wav,216,361
650,train/dr4/mgag0/si691.wav,216,361
651,train/dr4/mgjc0/si1256.wav,217,361
652,train/dr4/mgjc0/si1335.wav,217,361
653,train/dr4/mgjc0/si1965.wav,217,361
654,train/dr4/mgrp0/si1317.wav,218,361
655,train/dr4/mgrp0/si1947.wav,218,361
656,train/dr4/mgrp0/si687.wav,218,361
657,train/dr4/mgxp0/si1087.wav,219,361
658,train/dr4/mgxp0/si457.wav,219,361
659,train/dr4/mgxp0/si525.wav,219,361
660,train/dr4/mjac0/si1331.wav,220,361
661,train/dr4/mjac0/si2148.wav,220,361
662,train/dr4/mjac0/si701.wav,220,361
663,train/dr4/mjdc0/si1161.wav,221,361
664,train/dr4/mjdc0/si2165.wav,221,361
665,train/dr4/mjdc0/si531.wav,221,361
666,train/dr4/mjee0/si1237.wav,222,361
667,train/dr4/mjee0/si1867.wav,222,361
668,train/dr4/mjee0/si607.wav,222,361
669,train/dr4/mjjj0/si1163.wav,223,361
670,train/dr4/mjjj0/si1793.wav,223,361
671,train/dr4/mjjj0/si533.wav,223,361
672,train/dr4/mjlb0/si1616.wav,224,361
673,train/dr4/mjlb0/si2246.wav,224,361
674,train/dr4/mjlb0/si986.wav,224,361
675,train/dr4/mjls0/si1096.wav,225,361
676,train/dr4/mjls0/si1726.wav,225,361
677,train/dr4/mjls0/si466.wav,225,361
678,train/dr4/mjmm0/si1255.wav,226,361
679,train/dr4/mjmm0/si1885.wav,226,361
680,train/dr4/mjmm0/si625.wav,226,361
681,train/dr4/mjpm1/si1897.wav,227,361
682,train/dr4/mjpm1/si2280.wav,227,361
683,train/dr4/mjpm1/si761.wav,227,361
684,train/dr4/mjrh0/si1125.wav,228,361
685,train/dr4/mjrh0/si1755.wav,228,361
686,train/dr4/mjrh0/si1840.wav,228,361
687,train/dr4/mjsr0/si1424.wav,229,361
688,train/dr4/mjsr0/si2054.wav,229,361
689,train/dr4/mjsr0/si794.wav,229,361
690,train/dr4/mjws0/si1143.wav,230,361
691,train/dr4/mjws0/si1773.wav,230,361
692,train/dr4/mjws0/si513.wav,230,361
693,train/dr4/mjxl0/si1172.wav,231,361
694,train/dr4/mjxl0/si1795.wav,231,361
695,train/dr4/mjxl0/si542.wav,231,361
696,train/dr4/mkam0/si1250.wav,232,361
697,train/dr4/mkam0/si1316.wav,232,361
698,train/dr4/mkam0/si1465.wav,232,361
699,train/dr4/mlbc0/si1239.wav,233,361
700,train/dr4/mlbc0/si1869.wav,233,361
701,train/dr4/mlbc0/si609.wav,233,361
702,train/dr4/mlel0/si1246.wav,234,361
703,train/dr4/mlel0/si1876.wav,234,361
704,train/dr4/mlel0/si616.wav,234,361
705,train/dr4/mljc0/si1225.wav,235,361
706,train/dr4/mljc0/si1855.wav,235,361
707,train/dr4/mljc0/si595.wav,235,361
708,train/dr4/mljh0/si1324.wav,236,361
709,train/dr4/mljh0/si1422.wav,236,361
710,train/dr4/mljh0/si694.wav,236,361
711,train/dr4/mlsh0/si1417.wav,237,361
712,train/dr4/mlsh0/si2047.wav,237,361
713,train/dr4/mlsh0/si787.wav,237,361
714,train/dr4/mmbs0/si1151.wav,238,361
715,train/dr4/mmbs0/si1781.wav,238,361
716,train/dr4/mmbs0/si521.wav,238,361
717,train/dr4/mmdm0/si1311.wav,239,361
718,train/dr4/mmdm0/si1941.wav,239,361
719,train/dr4/mmdm0/si681.wav,239,361
720,train/dr4/mmgc0/si1305.wav,240,361
721,train/dr4/mmgc0/si1935.wav,240,361
722,train/dr4/mmgc0/si2184.wav,240,361
723,train/dr4/mnet0/si1446.wav,241,361
724,train/dr4/mnet0/si2076.wav,241,361
725,train/dr4/mnet0/si816.wav,241,361
726,train/dr4/mpeb0/si1034.wav,242,361
727,train/dr4/mpeb0/si1860.wav,242,361
728,train/dr4/mpeb0/si600.wav,242,361
729,train/dr4/mprk0/si1097.wav,243,361
730,train/dr4/mprk0/si1727.wav,243,361
731,train/dr4/mprk0/si467.wav,243,361
732,train/dr4/mprt0/si1210.wav,244,361
733,train/dr4/mprt0/si495.wav,244,361
734,train/dr4/mprt0/si580.wav,244,361
735,train/dr4/mrab1/si1478.wav,245,361
736,train/dr4/mrab1/si2108.wav,245,361
737,train/dr4/mrab1/si848.wav,245,361
738,train/dr4/mrfl0/si1156.wav,246,361
739,train/dr4/mrfl0/si1786.wav,246,361
740,train/dr4/mrfl0/si526.wav,246,361
741,train/dr4/mrgm0/si1162.wav,247,361
742,train/dr4/mrgm0/si1792.wav,247,361
743,train/dr4/mrgm0/si532.wav,247,361
744,train/dr4/mrsp0/si1429.wav,248,361
745,train/dr4/mrsp0/si2059.wav,248,361
746,train/dr4/mrsp0/si799.wav,248,361
747,train/dr4/msfh0/si1216.wav,249,361
748,train/dr4/msfh0/si1738.wav,249,361
749,train/dr4/msfh0/si586.wav,249,361
750,train/dr4/msmc0/si1907.wav,250,361
751,train/dr4/msmc0/si509.wav,250,361
752,train/dr4/msmc0/si647.wav,250,361
753,train/dr4/msms0/si1433.wav,251,361
754,train/dr4/msms0/si2063.wav,251,361
755,train/dr4/msms0/si803.wav,251,361
756,train/dr4/msrg0/si1221.wav,252,361
757,train/dr4/msrg0/si1851.wav,252,361
758,train/dr4/msrg0/si591.wav,252,361
759,train/dr4/mstf0/si1396.wav,253,361
760,train/dr4/mstf0/si766.wav,253,361
761,train/dr4/mstf0/si852.wav,253,361
762,train/dr4/mtas0/si1385.wav,254,361
763,train/dr4/mtas0/si2015.wav,254,361
764,train/dr4/mtas0/si755.wav,254,361
765,train/dr4/mtqc0/si1441.wav,255,361
766,train/dr4/mtqc0/si2071.wav,255,361
767,train/dr4/mtqc0/si480.wav,255,361
768,train/dr4/mtrc0/si1623.wav,256,361
769,train/dr4/mtrc0/si589.wav,256,361
770,train/dr4/mtrc0/si993.wav,256,361
771,train/dr4/mtrt0/si1227.wav,257,361
772,train/dr4/mtrt0/si1857.wav,257,361
773,train/dr4/mtrt0/si597.wav,257,361
774,train/dr5/fbjl0/si1552.wav,258,59
775,train/dr5/fbjl0/si2182.wav,258,59
776,train/dr5/fbjl0/si922.wav,258,59
777,train/dr5/fbmh0/si1136.wav,259,59
778,train/dr5/fbmh0/si1766.wav,259,59
779,train/dr5/fbmh0/si970.wav,259,59
780,train/dr5/fcdr1/si1186.wav,260,59
781,train/dr5/fcdr1/si1816.wav,260,59
782,train/dr5/fcdr1/si556.wav,260,59
783,train/dr5/fdmy0/si1197.wav,261,59
784,train/dr5/fdmy0/si567.wav,261,361
785,train/dr5/fdmy0/si714.wav,261,361
786,train/dr5/fdtd0/si1561.wav,262,59
787,train/dr5/fdtd0/si2191.wav,262,361
788,train/dr5/fdtd0/si931.wav,262,59
789,train/dr5/fear0/si1252.wav,263,59
790,train/dr5/fear0/si1882.wav,263,59
791,train/dr5/fear0/si622.wav,263,59
792,train/dr5/fexm0/si1101.wav,264,361
793,train/dr5/fexm0/si1731.wav,264,361
794,train/dr5/fexm0/si482.wav,264,361
795,train/dr5/fgdp0/si1618.wav,265,361
796,train/dr5/fgdp0/si2248.wav,265,361
797,train/dr5/fgdp0/si988.wav,265,361
798,train/dr5/fgmb0/si1145.wav,266,59
799,train/dr5/fgmb0/si1775.wav,266,59
800,train/dr5/fgmb0/si515.wav,266,59
801,train/dr5/fjxm0/si1211.wav,267,59
802,train/dr5/fjxm0/si1971.wav,267,361
803,train/dr5/fjxm0/si581.wav,267,59
804,train/dr5/fkkh0/si1290.wav,268,59
805,train/dr5/fkkh0/si1920.wav,268,59
806,train/dr5/fkkh0/si660.wav,268,59
807,train/dr5/flja0/si1078.wav,269,59
808,train/dr5/flja0/si1708.wav,269,59
809,train/dr5/flja0/si2338.wav,269,59
810,train/dr5/fljg0/si1611.wav,270,59
811,train/dr5/fljg0/si2241.wav,270,59
812,train/dr5/fljg0/si981.wav,270,59
813,train/dr5/flmk0/si1035.wav,271,59
814,train/dr5/flmk0/si1229.wav,271,59
815,train/dr5/flmk0/si2295.wav,271,59
816,train/dr5/flod0/si1287.wav,272,59
817,train/dr5/flod0/si1917.wav,272,59
818,train/dr5/flod0/si657.wav,272,59
819,train/dr5/fmpg0/si1602.wav,273,59
820,train/dr5/fmpg0/si2232.wav,273,361
821,train/dr5/fmpg0/si972.wav,273,59
822,train/dr5/fpmy0/si1153.wav,274,59
823,train/dr5/fpmy0/si1783.wav,274,361
824,train/dr5/fpmy0/si523.wav,274,361
825,train/dr5/fsag0/si1323.wav,275,59
826,train/dr5/fsag0/si1953.wav,275,361
827,train/dr5/fsag0/si693.wav,275,361
828,train/dr5/fsdc0/si1312.wav,276,59
829,train/dr5/fsdc0/si1942.wav,276,59
830,train/dr5/fsdc0/si2234.wav,276,59
831,train/dr5/fsjg0/si1570.wav,277,59
832,train/dr5/fsjg0/si2200.wav,277,59
833,train/dr5/fsjg0/si940.wav,277,59
834,train/dr5/fskp0/si1098.wav,278,361
835,train/dr5/fskp0/si1728.wav,278,59
836,train/dr5/fskp0/si468.wav,278,361
837,train/dr5/fsmm0/si1314.wav,279,59
838,train/dr5/fsmm0/si1944.wav,279,59
839,train/dr5/fsmm0/si684.wav,279,59
840,train/dr5/fsms1/si1504.wav,280,59
841,train/dr5/fsms1/si2134.wav,280,59
842,train/dr5/fsms1/si874.wav,280,59
843,train/dr5/ftbw0/si1345.wav,281,361
844,train/dr5/ftbw0/si1975.wav,281,59
845,train/dr5/ftbw0/si715.wav,281,59
846,train/dr5/ftlg0/si1743.wav,282,59
847,train/dr5/ftlg0/si483.wav,282,59
848,train/dr5/ftlg0/si840.wav,282,59
849,train/dr5/mbgt0/si1341.wav,283,361
850,train/dr5/mbgt0/si1841.wav,283,361
851,train/dr5/mbgt0/si711.wav,283,361
852,train/dr5/mchl0/si1347.wav,284,361
853,train/dr5/mchl0/si1404.wav,284,361
854,train/dr5/mchl0/si1977.wav,284,361
855,train/dr5/mclm0/si1456.wav,285,361
856,train/dr5/mclm0/si2086.wav,285,361
857,train/dr5/mclm0/si826.wav,285,361
858,train/dr5/mdas0/si1266.wav,286,361
859,train/dr5/mdas0/si1896.wav,286,361
860,train/dr5/mdas0/si636.wav,286,361
861,train/dr5/mdhl0/si1439.wav,287,361
862,train/dr5/mdhl0/si2069.wav,287,361
863,train/dr5/mdhl0/si809.wav,287,361
864,train/dr5/mdsj0/si1462.wav,288,361
865,train/dr5/mdsj0/si2092.wav,288,361
866,train/dr5/mdsj0/si832.wav,288,361
867,train/dr5/mdwh0/si1168.wav,289,361
868,train/dr5/mdwh0/si1925.wav,289,361
869,train/dr5/mdwh0/si665.wav,289,361
870,train/dr5/megj0/si1337.wav,290,361
871,train/dr5/megj0/si1967.wav,290,361
872,train/dr5/megj0/si707.wav,290,361
873,train/dr5/mewm0/si1348.wav,291,361
874,train/dr5/mewm0/si1978.wav,291,361
875,train/dr5/mewm0/si718.wav,291,361
876,train/dr5/mfer0/si1492.wav,292,59
877,train/dr5/mfer0/si2122.wav,292,59
878,train/dr5/mfer0/si862.wav,292,361
879,train/dr5/mges0/si1481.wav,293,361
880,train/dr5/mges0/si2111.wav,293,361
881,train/dr5/mges0/si851.wav,293,361
882,train/dr5/mgsh0/si1176.wav,294,361
883,train/dr5/mgsh0/si1806.wav,294,361
884,train/dr5/mgsh0/si546.wav,294,361
885,train/dr5/mhit0/si1613.wav,295,361
886,train/dr5/mhit0/si2243.wav,295,361
887,train/dr5/mhit0/si983.wav,295,361
888,train/dr5/mhmg0/si1365.wav,296,361
889,train/dr5/mhmg0/si1995.wav,296,361
890,train/dr5/mhmg0/si735.wav,296,361
891,train/dr5/mjdm0/si1340.wav,297,361
892,train/dr5/mjdm0/si1937.wav,297,361
893,train/dr5/mjdm0/si974.wav,297,361
894,train/dr5/mjfh0/si1107.wav,298,361
895,train/dr5/mjfh0/si1737.wav,298,361
896,train/dr5/mjfh0/si477.wav,298,361
897,train/dr5/mjpg0/si1191.wav,299,361
898,train/dr5/mjpg0/si1821.wav,299,361
899,train/dr5/mjpg0/si561.wav,299,361
900,train/dr5/mjrg0/si1366.wav,300,361
901,train/dr5/mjrg0/si1996.wav,300,361
902,train/dr5/mjrg0/si736.wav,300,361
903,train/dr5/mjwg0/si2155.wav,301,361
904,train/dr5/mjwg0/si813.wav,301,361
905,train/dr5/mjwg0/si895.wav,301,361
906,train/dr5/mjxa0/si1507.wav,302,361
907,train/dr5/mjxa0/si2137.wav,302,361
908,train/dr5/mjxa0/si877.wav,302,361
909,train/dr5/mmab1/si1494.wav,303,361
910,train/dr5/mmab1/si2124.wav,303,361
911,train/dr5/mmab1/si864.wav,303,361
912,train/dr5/mmcc0/si1338.wav,304,361
913,train/dr5/mmcc0/si1968.wav,304,361
914,train/dr5/mmcc0/si708.wav,304,361
915,train/dr5/mmdm1/si1650.wav,305,361
916,train/dr5/mmdm1/si2043.wav,305,361
917,train/dr5/mmdm1/si783.wav,305,361
918,train/dr5/mmvp0/si1284.wav,306,361
919,train/dr5/mmvp0/si1914.wav,306,361
920,train/dr5/mmvp0/si654.wav,306,361
921,train/dr5/mmwb0/si1619.wav,307,361
922,train/dr5/mmwb0/si2249.wav,307,361
923,train/dr5/mmwb0/si989.wav,307,361
924,train/dr5/mpmb0/si1501.wav,308,361
925,train/dr5/mpmb0/si2131.wav,308,361
926,train/dr5/mpmb0/si871.wav,308,361
927,train/dr5/mram0/si1275.wav,309,361
928,train/dr5/mram0/si1905.wav,309,361
929,train/dr5/mram0/si1951.wav,309,361
930,train/dr5/mrav0/si1008.wav,310,361
931,train/dr5/mrav0/si1638.wav,310,361
932,train/dr5/mrav0/si2268.wav,310,361
933,train/dr5/mrew1/si1500.wav,311,361
934,train/dr5/mrew1/si2130.wav,311,361
935,train/dr5/mrew1/si870.wav,311,361
936,train/dr5/mrkm0/si1267.wav,312,361
937,train/dr5/mrkm0/si1391.wav,312,361
938,train/dr5/mrkm0/si637.wav,312,361
939,train/dr5/mrld0/si1594.wav,313,361
940,train/dr5/mrld0/si2224.wav,313,361
941,train/dr5/mrld0/si964.wav,313,361
942,train/dr5/mrml0/si1421.wav,314,361
943,train/dr5/mrml0/si2051.wav,314,361
944,train/dr5/mrml0/si791.wav,314,361
945,train/dr5/mrvg0/si1140.wav,315,361
946,train/dr5/mrvg0/si1770.wav,315,361
947,train/dr5/mrvg0/si510.wav,315,361
948,train/dr5/msas0/si1376.wav,316,361
949,train/dr5/msas0/si2006.wav,316,361
950,train/dr5/msas0/si746.wav,316,361
951,train/dr5/msdh0/si2113.wav,317,361
952,train/dr5/msdh0/si2240.wav,317,361
953,train/dr5/msdh0/si980.wav,317,361
954,train/dr5/msem1/si1440.wav,318,361
955,train/dr5/msem1/si2070.wav,318,361
956,train/dr5/msem1/si810.wav,318,361
957,train/dr5/msrr0/si1131.wav,319,361
958,train/dr5/msrr0/si1761.wav,319,361
959,train/dr5/msrr0/si501.wav,319,361
960,train/dr5/mtat0/si1110.wav,320,361
961,train/dr5/mtat0/si1740.wav,320,361
962,train/dr5/mtat0/si811.wav,320,361
963,train/dr5/mtdp0/si1274.wav,321,361
964,train/dr5/mtdp0/si1521.wav,321,361
965,train/dr5/mtdp0/si2151.wav,321,361
966,train/dr5/mtmt0/si1118.wav,322,361
967,train/dr5/mtmt0/si1748.wav,322,361
968,train/dr5/mtmt0/si488.wav,322,361
969,train/dr5/mvlo0/si1147.wav,323,361
970,train/dr5/mvlo0/si1777.wav,323,361
971,train/dr5/mvlo0/si517.wav,323,361
972,train/dr5/mwac0/si1601.wav,324,361
973,train/dr5/mwac0/si2231.wav,324,361
974,train/dr5/mwac0/si971.wav,324,361
975,train/dr5/mwch0/si1622.wav,325,361
976,train/dr5/mwch0/si1895.wav,325,361
977,train/dr5/mwch0/si2252.wav,325,361
978,train/dr5/mwem0/si1320.wav,326,361
979,train/dr5/mwem0/si1393.wav,326,361
980,train/dr5/mwem0/si1950.wav,326,361
981,train/dr5/mwsh0/si1426.wav,327,361
982,train/dr5/mwsh0/si2266.wav,327,361
983,train/dr5/mwsh0/si796.wav,327,361
984,train/dr6/fapb0/si1063.wav,328,361
985,train/dr6/fapb0/si1693.wav,328,361
986,train/dr6/fapb0/si2323.wav,328,59
987,train/dr6/fbch0/si1586.wav,329,59
988,train/dr6/fbch0/si956.wav,329,59
989,train/dr6/fbch0/si959.wav,329,59
990,train/dr6/fhxs0/si1075.wav,330,361
991,train/dr6/fhxs0/si2302.wav,330,361
992,train/dr6/fhxs0/si2335.wav,330,59
993,train/dr6/fjdm2/si1582.wav,331,59
994,train/dr6/fjdm2/si1964.wav,331,361
995,train/dr6/fjdm2/si2212.wav,331,361
996,train/dr6/fklc1/si1048.wav,332,59
997,train/dr6/fklc1/si1678.wav,332,59
998,train/dr6/fklc1/si2308.wav,332,59
999,train/dr6/flag0/si1464.wav,333,59
1000,train/dr6/flag0/si2094.wav,333,59
1001,train/dr6/flag0/si834.wav,333,59
1002,train/dr6/fmju0/si1389.wav,334,59
1003,train/dr6/fmju0/si2019.wav,334,59
1004,train/dr6/fmju0/si759.wav,334,59
1005,train/dr6/fpad0/si1346.wav,335,361
1006,train/dr6/fpad0/si1976.wav,335,361
1007,train/dr6/fpad0/si716.wav,335,361
1008,train/dr6/frjb0/si1427.wav,336,361
1009,train/dr6/frjb0/si1470.wav,336,59
1010,train/dr6/frjb0/si1794.wav,336,59
1011,train/dr6/fsbk0/si1069.wav,337,59
1012,train/dr6/fsbk0/si1699.wav,337,59
1013,train/dr6/fsbk0/si2329.wav,337,361
1014,train/dr6/fsdj0/si1115.wav,338,361
1015,train/dr6/fsdj0/si1745.wav,338,59
1016,train/dr6/fsdj0/si485.wav,338,361
1017,train/dr6/fsgf0/si1557.wav,339,59
1018,train/dr6/fsgf0/si2187.wav,339,59
1019,train/dr6/fsgf0/si927.wav,339,361
1020,train/dr6/ftaj0/si1329.wav,340,59
1021,train/dr6/ftaj0/si474.wav,340,59
1022,train/dr6/ftaj0/si699.wav,340,59
1023,train/dr6/mabc0/si1620.wav,341,361
1024,train/dr6/mabc0/si2041.wav,341,361
1025,train/dr6/mabc0/si781.wav,341,361
1026,train/dr6/majp0/si1074.wav,342,361
1027,train/dr6/majp0/si1704.wav,342,361
1028,train/dr6/majp0/si2334.wav,342,361
1029,train/dr6/mbma1/si2207.wav,343,361
1030,train/dr6/mbma1/si2214.wav,343,361
1031,train/dr6/mbma1/si954.wav,343,361
1032,train/dr6/mcae0/si1447.wav,344,361
1033,train/dr6/mcae0/si2077.wav,344,361
1034,train/dr6/mcae0/si817.wav,344,361
1035,train/dr6/mdrd0/si1382.wav,345,361
1036,train/dr6/mdrd0/si2012.wav,345,361
1037,train/dr6/mdrd0/si752.wav,345,361
1038,train/dr6/meal0/si1547.wav,346,361
1039,train/dr6/meal0/si2177.wav,346,361
1040,train/dr6/meal0/si917.wav,346,361
1041,train/dr6/mejl0/si1592.wav,347,361
1042,train/dr6/mejl0/si1654.wav,347,361
1043,train/dr6/mejl0/si962.wav,347,361
1044,train/dr6/mesj0/si2039.wav,348,361
1045,train/dr6/mesj0/si2257.wav,348,361
1046,train/dr6/mesj0/si997.wav,348,361
1047,train/dr6/mjrk0/si1662.wav,349,361
1048,train/dr6/mjrk0/si2103.wav,349,361
1049,train/dr6/mjrk0/si880.wav,349,361
1050,train/dr6/mkes0/si1253.wav,350,361
1051,train/dr6/mkes0/si1883.wav,350,361
1052,train/dr6/mkes0/si623.wav,350,361
1053,train/dr6/mkln0/si1598.wav,351,361
1054,train/dr6/mkln0/si2228.wav,351,361
1055,train/dr6/mkln0/si968.wav,351,361
1056,train/dr6/mmdb0/si1358.wav,352,361
1057,train/dr6/mmdb0/si1617.wav,352,361
1058,train/dr6/mmdb0/si987.wav,352,361
1059,train/dr6/mpgr1/si1269.wav,353,361
1060,train/dr6/mpgr1/si1499.wav,353,361
1061,train/dr6/mpgr1/si2129.wav,353,361
1062,train/dr6/mrmb0/si1581.wav,354,361
1063,train/dr6/mrmb0/si2211.wav,354,361
1064,train/dr6/mrmb0/si951.wav,354,361
1065,train/dr6/mrxb0/si1585.wav,355,361
1066,train/dr6/mrxb0/si2215.wav,355,361
1067,train/dr6/mrxb0/si955.wav,355,361
1068,train/dr6/msat1/si1073.wav,356,59
1069,train/dr6/msat1/si1703.wav,356,59
1070,train/dr6/msat1/si2333.wav,356,361
1071,train/dr6/msds0/si1077.wav,357,361
1072,train/dr6/msds0/si1707.wav,357,361
1073,train/dr6/msds0/si2337.wav,357,361
1074,train/dr6/msjk0/si1596.wav,358,361
1075,train/dr6/msjk0/si2226.wav,358,361
1076,train/dr6/msjk0/si966.wav,358,361
1077,train/dr6/msmr0/si1150.wav,359,361
1078,train/dr6/msmr0/si1405.wav,359,361
1079,train/dr6/msmr0/si775.wav,359,361
1080,train/dr6/msvs0/si1568.wav,360,361
1081,train/dr6/msvs0/si2198.wav,360,361
1082,train/dr6/msvs0/si938.wav,360,361
1083,train/dr6/mtju0/si2020.wav,361,361
1084,train/dr6/mtju0/si2269.wav,361,361
1085,train/dr6/mtju0/si760.wav,361,361
1086,train/dr6/mtxs0/si1060.wav,362,361
1087,train/dr6/mtxs0/si1690.wav,362,361
1088,train/dr6/mtxs0/si2320.wav,362,361
1089,train/dr7/fblv0/si1058.wav,363,59
1090,train/dr7/fblv0/si1688.wav,363,59
1091,train/dr7/fblv0/si2318.wav,363,59
1092,train/dr7/fcjs0/si1607.wav,364,59
1093,train/dr7/fcjs0/si2237.wav,364,59
1094,train/dr7/fcjs0/si977.wav,364,361
1095,train/dr7/fcrz0/si1913.wav,365,361
1096,train/dr7/fcrz0/si2053.wav,365,361
1097,train/dr7/fcrz0/si793.wav,365,59
1098,train/dr7/fjen0/si1047.wav,366,361
1099,train/dr7/fjen0/si1677.wav,366,59
1100,train/dr7/fjen0/si2307.wav,366,59
1101,train/dr7/fjhk0/si1022.wav,367,361
1102,train/dr7/fjhk0/si1652.wav,367,59
1103,train/dr7/fjhk0/si2282.wav,367,361
1104,train/dr7/fjrp1/si1432.wav,368,361
1105,train/dr7/fjrp1/si2062.wav,368,59
1106,train/dr7/fjrp1/si802.wav,368,59
1107,train/dr7/fjsk0/si1052.wav,369,59
1108,train/dr7/fjsk0/si1682.wav,369,59
1109,train/dr7/fjsk0/si2312.wav,369,59
1110,train/dr7/fkde0/si1141.wav,370,59
1111,train/dr7/fkde0/si1771.wav,370,361
1112,train/dr7/fkde0/si2221.wav,370,59
1113,train/dr7/fksr0/si1117.wav,371,59
1114,train/dr7/fksr0/si1747.wav,371,59
1115,train/dr7/fksr0/si487.wav,371,59
1116,train/dr7/fleh0/si1051.wav,372,59
1117,train/dr7/fleh0/si1681.wav,372,59
1118,train/dr7/fleh0/si2311.wav,372,59
1119,train/dr7/flet0/si1137.wav,373,59
1120,train/dr7/flet0/si1767.wav,373,59
1121,train/dr7/flet0/si507.wav,373,59
1122,train/dr7/fmah1/si1509.wav,374,59
1123,train/dr7/fmah1/si2139.wav,374,59
1124,train/dr7/fmah1/si879.wav,374,59
1125,train/dr7/fmkc0/si1041.wav,375,59
1126,train/dr7/fmkc0/si1072.wav,375,59
1127,train/dr7/fmkc0/si1702.wav,375,59
1128,train/dr7/fpab1/si1471.wav,376,56
1129,train/dr7/fpab1/si2101.wav,376,59
1130,train/dr7/fpab1/si841.wav,376,59
1131,train/dr7/fpac0/si1921.wav,377,59
1132,train/dr7/fpac0/si2011.wav,377,59
1133,train/dr7/fpac0/si661.wav,377,59
1134,train/dr7/freh0/si1315.wav,378,59
1135,train/dr7/freh0/si1945.wav,378,59
1136,train/dr7/freh0/si685.wav,378,59
1137,train/dr7/fspm0/si1241.wav,379,59
1138,train/dr7/fspm0/si1871.wav,379,59
1139,train/dr7/fspm0/si611.wav,379,59
1140,train/dr7/fvkb0/si1159.wav,380,59
1141,train/dr7/fvkb0/si1789.wav,380,59
1142,train/dr7/fvkb0/si529.wav,380,59
1143,train/dr7/madd0/si1295.wav,381,361
1144,train/dr7/madd0/si1798.wav,381,361
1145,train/dr7/madd0/si538.wav,381,361
1146,train/dr7/maeo0/si1326.wav,382,361
1147,train/dr7/maeo0/si1655.wav,382,361
1148,train/dr7/maeo0/si1956.wav,382,361
1149,train/dr7/mafm0/si1569.wav,383,361
1150,train/dr7/mafm0/si2199.wav,383,361
1151,train/dr7/mafm0/si939.wav,383,361
1152,train/dr7/mbar0/si1319.wav,384,361
1153,train/dr7/mbar0/si1949.wav,384,361
1154,train/dr7/mbar0/si689.wav,384,361
1155,train/dr7/mbbr0/si1055.wav,385,361
1156,train/dr7/mbbr0/si1685.wav,385,361
1157,train/dr7/mbbr0/si2315.wav,385,361
1158,train/dr7/mbml0/si1169.wav,386,361
1159,train/dr7/mbml0/si1799.wav,386,361
1160,train/dr7/mbml0/si539.wav,386,361
1161,train/dr7/mbom0/si1014.wav,387,361
1162,train/dr7/mbom0/si1644.wav,387,361
1163,train/dr7/mbom0/si2274.wav,387,361
1164,train/dr7/mbth0/si2102.wav,388,361
1165,train/dr7/mbth0/si505.wav,388,361
1166,train/dr7/mbth0/si757.wav,388,361
1167,train/dr7/mclk0/si1660.wav,389,361
1168,train/dr7/mclk0/si2290.wav,389,361
1169,train/dr7/mclk0/si650.wav,389,361
1170,train/dr7/mcre0/si1121.wav,390,361
1171,train/dr7/mcre0/si1725.wav,390,361
1172,train/dr7/mcre0/si1751.wav,390,361
1173,train/dr7/mcth0/si1209.wav,391,361
1174,train/dr7/mcth0/si1839.wav,391,361
1175,train/dr7/mcth0/si579.wav,391,361
1176,train/dr7/mdcm0/si1480.wav,392,361
1177,train/dr7/mdcm0/si2110.wav,392,361
1178,train/dr7/mdcm0/si850.wav,392,361
1179,train/dr7/mded0/si1170.wav,393,361
1180,train/dr7/mded0/si1800.wav,393,59
1181,train/dr7/mded0/si540.wav,393,361
1182,train/dr7/mdks0/si1066.wav,394,361
1183,train/dr7/mdks0/si1696.wav,394,361
1184,train/dr7/mdks0/si2326.wav,394,361
1185,train/dr7/mdlc1/si1435.wav,395,361
1186,train/dr7/mdlc1/si2065.wav,395,361
1187,train/dr7/mdlc1/si2144.wav,395,361
1188,train/dr7/mdlm0/si1234.wav,396,361
1189,train/dr7/mdlm0/si1864.wav,396,361
1190,train/dr7/mdlm0/si604.wav,396,361
1191,train/dr7/mdlr0/si1233.wav,397,361
1192,train/dr7/mdlr0/si1863.wav,397,361
1193,train/dr7/mdlr0/si603.wav,397,361
1194,train/dr7/mdlr1/si1299.wav,398,361
1195,train/dr7/mdlr1/si1929.wav,398,361
1196,train/dr7/mdlr1/si669.wav,398,361
1197,train/dr7/mdpb0/si1760.wav,399,361
1198,train/dr7/mdpb0/si2126.wav,399,361
1199,train/dr7/mdpb0/si866.wav,399,361
1200,train/dr7/mfxs0/si1674.wav,400,361
1201,train/dr7/mfxs0/si2225.wav,400,361
1202,train/dr7/mfxs0/si2304.wav,400,361
1203,train/dr7/mfxv0/si1005.wav,401,361
1204,train/dr7/mfxv0/si1342.wav,401,361
1205,train/dr7/mfxv0/si1635.wav,401,361
1206,train/dr7/mgak0/si1036.wav,402,361
1207,train/dr7/mgak0/si1666.wav,402,361
1208,train/dr7/mgak0/si2296.wav,402,361
1209,train/dr7/mgar0/si1212.wav,403,361
1210,train/dr7/mgar0/si1694.wav,403,361
1211,train/dr7/mgar0/si1842.wav,403,361
1212,train/dr7/mgaw0/si1165.wav,404,361
1213,train/dr7/mgaw0/si1802.wav,404,361
1214,train/dr7/mgaw0/si535.wav,404,361
1215,train/dr7/mgsl0/si1164.wav,405,361
1216,train/dr7/mgsl0/si534.wav,405,361
1217,train/dr7/mgsl0/si797.wav,405,361
1218,train/dr7/mhbs0/si1575.wav,406,361
1219,train/dr7/mhbs0/si2205.wav,406,361
1220,train/dr7/mhbs0/si945.wav,406,361
1221,train/dr7/mhxl0/si1772.wav,407,361
1222,train/dr7/mhxl0/si512.wav,407,361
1223,train/dr7/mhxl0/si612.wav,407,361
1224,train/dr7/mjai0/si1604.wav,408,361
1225,train/dr7/mjai0/si682.wav,408,361
1226,train/dr7/mjai0/si710.wav,408,361
1227,train/dr7/mjdg0/si1042.wav,409,361
1228,train/dr7/mjdg0/si1672.wav,409,361
1229,train/dr7/mjdg0/si1705.wav,409,361
1230,train/dr7/mjfr0/si1605.wav,410,361
1231,train/dr7/mjfr0/si2235.wav,410,361
1232,train/dr7/mjfr0/si975.wav,410,361
1233,train/dr7/mjjm0/si1251.wav,411,361
1234,train/dr7/mjjm0/si1457.wav,411,361
1235,train/dr7/mjjm0/si827.wav,411,361
1236,train/dr7/mjra0/si1236.wav,412,59
1237,train/dr7/mjra0/si1866.wav,412,59
1238,train/dr7/mjra0/si606.wav,412,361
1239,train/dr7/mkag0/si1609.wav,413,361
1240,train/dr7/mkag0/si2239.wav,413,361
1241,train/dr7/mkag0/si979.wav,413,361
1242,train/dr7/mkdb0/si2132.wav,414,361
1243,train/dr7/mkdb0/si588.wav,414,361
1244,train/dr7/mkdb0/si872.wav,414,361
1245,train/dr7/mklr0/si1059.wav,415,361
1246,train/dr7/mklr0/si1689.wav,415,361
1247,train/dr7/mklr0/si2319.wav,415,361
1248,train/dr7/mmdg0/si1780.wav,416,361
1249,train/dr7/mmdg0/si2035.wav,416,361
1250,train/dr7/mmdg0/si520.wav,416,361
1251,train/dr7/mmws1/si1071.wav,417,361
1252,train/dr7/mmws1/si1701.wav,417,361
1253,train/dr7/mmws1/si2331.wav,417,361
1254,train/dr7/mntw0/si1068.wav,418,361
1255,train/dr7/mntw0/si1698.wav,418,361
1256,train/dr7/mntw0/si2328.wav,418,361
1257,train/dr7/mpar0/si1576.wav,419,361
1258,train/dr7/mpar0/si2206.wav,419,361
1259,train/dr7/mpar0/si946.wav,419,361
1260,train/dr7/mpfu0/si1258.wav,420,361
1261,train/dr7/mpfu0/si1888.wav,420,361
1262,train/dr7/mpfu0/si628.wav,420,361
1263,train/dr7/mrem0/si1591.wav,421,361
1264,train/dr7/mrem0/si511.wav,421,361
1265,train/dr7/mrem0/si961.wav,421,361
1266,train/dr7/mrlj1/si1671.wav,422,361
1267,train/dr7/mrlj1/si2301.wav,422,361
1268,train/dr7/mrlj1/si2332.wav,422,361
1269,train/dr7/mrmg0/si1080.wav,423,361
1270,train/dr7/mrmg0/si1710.wav,423,361
1271,train/dr7/mrmg0/si2340.wav,423,361
1272,train/dr7/mrmh0/si1021.wav,424,361
1273,train/dr7/mrmh0/si1349.wav,424,361
1274,train/dr7/mrmh0/si2281.wav,424,361
1275,train/dr7/mrpc1/si1482.wav,425,361
1276,train/dr7/mrpc1/si2026.wav,425,361
1277,train/dr7/mrpc1/si2112.wav,425,361
1278,train/dr7/msah1/si1049.wav,426,361
1279,train/dr7/msah1/si1679.wav,426,361
1280,train/dr7/msah1/si2309.wav,426,361
1281,train/dr7/msdb0/si1007.wav,427,361
1282,train/dr7/msdb0/si1637.wav,427,361
1283,train/dr7/msdb0/si2267.wav,427,361
1284,train/dr7/mses0/si1589.wav,428,361
1285,train/dr7/mses0/si2216.wav,428,361
1286,train/dr7/mses0/si2219.wav,428,361
1287,train/dr7/mtab0/si1572.wav,429,361
1288,train/dr7/mtab0/si2202.wav,429,361
1289,train/dr7/mtab0/si942.wav,429,361
1290,train/dr7/mter0/si1157.wav,430,361
1291,train/dr7/mter0/si1787.wav,430,361
1292,train/dr7/mter0/si527.wav,430,361
1293,train/dr7/mtkd0/si1187.wav,431,361
1294,train/dr7/mtkd0/si1817.wav,431,361
1295,train/dr7/mtkd0/si630.wav,431,361
1296,train/dr7/mtlc0/si1313.wav,432,361
1297,train/dr7/mtlc0/si1477.wav,432,361
1298,train/dr7/mtlc0/si847.wav,432,361
1299,train/dr7/mtml0/si1065.wav,433,361
1300,train/dr7/mtml0/si1695.wav,433,59
1301,train/dr7/mtml0/si2325.wav,433,59
1302,train/dr7/mtmn0/si1064.wav,434,361
1303,train/dr7/mtmn0/si2324.wav,434,361
1304,train/dr7/mtmn0/si582.wav,434,361
1305,train/dr7/mtpr0/si1600.wav,435,361
1306,train/dr7/mtpr0/si2230.wav,435,361
1307,train/dr7/mtpr0/si506.wav,435,361
1308,train/dr7/mtwh1/si1512.wav,436,361
1309,train/dr7/mtwh1/si2142.wav,436,361
1310,train/dr7/mtwh1/si882.wav,436,361
1311,train/dr7/mvrw0/si1485.wav,437,361
1312,train/dr7/mvrw0/si2115.wav,437,361
1313,train/dr7/mvrw0/si855.wav,437,361
1314,train/dr7/mwre0/si1057.wav,438,361
1315,train/dr7/mwre0/si1687.wav,438,361
1316,train/dr7/mwre0/si2317.wav,438,59
1317,train/dr7/mwrp0/si1443.wav,439,361
1318,train/dr7/mwrp0/si1525.wav,439,361
1319,train/dr7/mwrp0/si2073.wav,439,361
1320,train/dr8/fbcg1/si1612.wav,440,59
1321,train/dr8/fbcg1/si2242.wav,440,59
1322,train/dr8/fbcg1/si982.wav,440,59
1323,train/dr8/fceg0/si1248.wav,441,361
1324,train/dr8/fceg0/si1878.wav,441,59
1325,train/dr8/fceg0/si618.wav,441,59
1326,train/dr8/fclt0/si1438.wav,442,59
1327,train/dr8/fclt0/si2068.wav,442,59
1328,train/dr8/fclt0/si808.wav,442,59
1329,train/dr8/fjrb0/si1302.wav,443,59
1330,train/dr8/fjrb0/si1932.wav,443,59
1331,train/dr8/fjrb0/si672.wav,443,59
1332,train/dr8/fklh0/si1257.wav,444,59
1333,train/dr8/fklh0/si1887.wav,444,59
1334,train/dr8/fklh0/si627.wav,444,59
1335,train/dr8/fmbg0/si1160.wav,445,361
1336,train/dr8/fmbg0/si1790.wav,445,59
1337,train/dr8/fmbg0/si2264.wav,445,59
1338,train/dr8/fnkl0/si1522.wav,446,59
1339,train/dr8/fnkl0/si2152.wav,446,59
1340,train/dr8/fnkl0/si892.wav,446,59
1341,train/dr8/fpls0/si1590.wav,447,59
1342,train/dr8/fpls0/si2220.wav,447,59
1343,train/dr8/fpls0/si960.wav,447,59
1344,train/dr8/mbcg0/si2217.wav,448,361
1345,train/dr8/mbcg0/si486.wav,448,361
1346,train/dr8/mbcg0/si957.wav,448,361
1347,train/dr8/mbsb0/si1353.wav,449,361
1348,train/dr8/mbsb0/si1983.wav,449,361
1349,train/dr8/mbsb0/si723.wav,449,361
1350,train/dr8/mcxm0/si1351.wav,450,361
1351,train/dr8/mcxm0/si1981.wav,450,361
1352,train/dr8/mcxm0/si721.wav,450,361
1353,train/dr8/mejs0/si1240.wav,451,361
1354,train/dr8/mejs0/si1870.wav,451,361
1355,train/dr8/mejs0/si610.wav,451,361
1356,train/dr8/mkdd0/si1567.wav,452,361
1357,train/dr8/mkdd0/si2197.wav,452,361
1358,train/dr8/mkdd0/si937.wav,452,361
1359,train/dr8/mkrg0/si1491.wav,453,361
1360,train/dr8/mkrg0/si2121.wav,453,361
1361,train/dr8/mkrg0/si861.wav,453,361
1362,train/dr8/mmea0/si1388.wav,454,361
1363,train/dr8/mmea0/si2018.wav,454,361
1364,train/dr8/mmea0/si758.wav,454,361
1365,train/dr8/mmlm0/si1527.wav,455,361
1366,train/dr8/mmlm0/si2150.wav,455,361
1367,train/dr8/mmlm0/si897.wav,455,361
1368,train/dr8/mmpm0/si1061.wav,456,361
1369,train/dr8/mmpm0/si1691.wav,456,361
1370,train/dr8/mmpm0/si2321.wav,456,361
1371,train/dr8/mmws0/si1518.wav,457,361
1372,train/dr8/mmws0/si559.wav,457,361
1373,train/dr8/mmws0/si888.wav,457,361
1374,train/dr8/mrdm0/si1044.wav,458,361
1375,train/dr8/mrdm0/si1595.wav,458,361
1376,train/dr8/mrdm0/si965.wav,458,361
1377,train/dr8/mrlk0/si1468.wav,459,361
1378,train/dr8/mrlk0/si2140.wav,459,361
1379,train/dr8/mrlk0/si843.wav,459,361
1380,train/dr8/mrre0/si1334.wav,460,361
1381,train/dr8/mrre0/si704.wav,460,59
1382,train/dr8/mrre0/si952.wav,460,59
1383,train/dr8/mtcs0/si1972.wav,461,361
1384,train/dr8/mtcs0/si2265.wav,461,59
1385,train/dr8/mtcs0/si712.wav,461,361
