,file,label,pred_fake,pred_real
0,train/dr1/fcjf0/si1027.wav,0,0,0
1,train/dr1/fcjf0/si1657.wav,0,0,0
2,train/dr1/fcjf0/si648.wav,0,0,0
3,train/dr1/fdaw0/si1271.wav,1,0,1
4,train/dr1/fdaw0/si1406.wav,1,0,1
5,train/dr1/fdaw0/si2036.wav,1,0,1
6,train/dr1/fdml0/si1149.wav,2,0,2
7,train/dr1/fdml0/si1779.wav,2,0,2
8,train/dr1/fdml0/si2075.wav,2,0,2
9,train/dr1/fecd0/si1418.wav,3,0,3
10,train/dr1/fecd0/si2048.wav,3,0,3
11,train/dr1/fecd0/si788.wav,3,0,3
12,train/dr1/fetb0/si1148.wav,4,4,4
13,train/dr1/fetb0/si1778.wav,4,4,4
14,train/dr1/fetb0/si518.wav,4,0,4
15,train/dr1/fjsp0/si1434.wav,5,0,5
16,train/dr1/fjsp0/si1763.wav,5,0,5
17,train/dr1/fjsp0/si804.wav,5,0,5
18,train/dr1/fkfb0/si1608.wav,6,0,6
19,train/dr1/fkfb0/si2238.wav,6,0,6
20,train/dr1/fkfb0/si978.wav,6,0,6
21,train/dr1/fmem0/si1377.wav,7,0,7
22,train/dr1/fmem0/si2007.wav,7,0,7
23,train/dr1/fmem0/si747.wav,7,0,7
24,train/dr1/fsah0/si1244.wav,8,0,8
25,train/dr1/fsah0/si1874.wav,8,0,8
26,train/dr1/fsah0/si614.wav,8,0,8
27,train/dr1/fsjk1/si1025.wav,9,0,9
28,train/dr1/fsjk1/si2285.wav,9,0,9
29,train/dr1/fsjk1/si696.wav,9,0,9
30,train/dr1/fsma0/si1621.wav,10,0,10
31,train/dr1/fsma0/si2251.wav,10,0,10
32,train/dr1/fsma0/si991.wav,10,0,10
33,train/dr1/ftbr0/si1402.wav,11,0,11
34,train/dr1/ftbr0/si2181.wav,11,0,11
35,train/dr1/ftbr0/si921.wav,11,0,11
36,train/dr1/fvfb0/si1032.wav,12,0,12
37,train/dr1/fvfb0/si1510.wav,12,0,12
38,train/dr1/fvfb0/si2292.wav,12,0,12
39,train/dr1/fvmh0/si1466.wav,13,0,13
40,train/dr1/fvmh0/si2096.wav,13,0,13
41,train/dr1/fvmh0/si836.wav,13,0,13
42,train/dr1/mcpm0/si1194.wav,14,0,14
43,train/dr1/mcpm0/si1824.wav,14,0,14
44,train/dr1/mcpm0/si564.wav,14,0,14
45,train/dr1/mdac0/si1261.wav,15,0,15
46,train/dr1/mdac0/si1837.wav,15,0,15
47,train/dr1/mdac0/si631.wav,15,0,15
48,train/dr1/mdpk0/si1053.wav,16,0,16
49,train/dr1/mdpk0/si1683.wav,16,0,16
50,train/dr1/mdpk0/si552.wav,16,0,16
51,train/dr1/medr0/si1374.wav,17,0,17
52,train/dr1/medr0/si2004.wav,17,0,17
53,train/dr1/medr0/si744.wav,17,0,17
54,train/dr1/mgrl0/si1497.wav,18,0,18
55,train/dr1/mgrl0/si2127.wav,18,0,18
56,train/dr1/mgrl0/si867.wav,18,0,18
57,train/dr1/mjeb1/si1467.wav,19,0,19
58,train/dr1/mjeb1/si2097.wav,19,0,19
59,train/dr1/mjeb1/si837.wav,19,0,19
60,train/dr1/mjwt0/si1291.wav,20,20,20
61,train/dr1/mjwt0/si1381.wav,20,20,20
62,train/dr1/mjwt0/si751.wav,20,20,20
63,train/dr1/mkls0/si1437.wav,21,0,21
64,train/dr1/mkls0/si1533.wav,21,0,21
65,train/dr1/mkls0/si2067.wav,21,0,21
66,train/dr1/mklw0/si1571.wav,22,0,22
67,train/dr1/mklw0/si1844.wav,22,0,22
68,train/dr1/mklw0/si2201.wav,22,0,22
69,train/dr1/mmgg0/si1079.wav,23,0,23
70,train/dr1/mmgg0/si1709.wav,23,0,23
71,train/dr1/mmgg0/si2339.wav,23,0,23
72,train/dr1/mmrp0/si2034.wav,24,0,24
73,train/dr1/mmrp0/si717.wav,24,0,24
74,train/dr1/mmrp0/si774.wav,24,0,24
75,train/dr1/mpgh0/si1554.wav,25,0,25
76,train/dr1/mpgh0/si675.wav,25,0,25
77,train/dr1/mpgh0/si924.wav,25,0,25
78,train/dr1/mpgr0/si1410.wav,26,0,26
79,train/dr1/mpgr0/si2040.wav,26,0,26
80,train/dr1/mpgr0/si780.wav,26,0,26
81,train/dr1/mpsw0/si1067.wav,27,0,27
82,train/dr1/mpsw0/si1697.wav,27,0,27
83,train/dr1/mpsw0/si2327.wav,27,0,27
84,train/dr1/mrai0/si1954.wav,28,0,28
85,train/dr1/mrai0/si2052.wav,28,0,28
86,train/dr1/mrai0/si792.wav,28,0,28
87,train/dr1/mrcg0/si1428.wav,29,0,29
88,train/dr1/mrcg0/si2058.wav,29,0,264
89,train/dr1/mrcg0/si798.wav,29,0,29
90,train/dr1/mrdd0/si1050.wav,30,0,30
91,train/dr1/mrdd0/si1680.wav,30,0,30
92,train/dr1/mrdd0/si2310.wav,30,0,30
93,train/dr1/mrso0/si1206.wav,31,0,31
94,train/dr1/mrso0/si1659.wav,31,31,31
95,train/dr1/mrso0/si2289.wav,31,0,31
96,train/dr1/mrws0/si1102.wav,32,0,32
97,train/dr1/mrws0/si1732.wav,32,0,32
98,train/dr1/mrws0/si472.wav,32,0,32
99,train/dr1/mtjs0/si1192.wav,33,0,33
100,train/dr1/mtjs0/si1822.wav,33,0,33
101,train/dr1/mtjs0/si562.wav,33,0,33
102,train/dr1/mtpf0/si1235.wav,34,0,34
103,train/dr1/mtpf0/si1865.wav,34,0,326
104,train/dr1/mtpf0/si605.wav,34,0,34
105,train/dr1/mtrr0/si1548.wav,35,330,35
106,train/dr1/mtrr0/si2178.wav,35,0,35
107,train/dr1/mtrr0/si918.wav,35,0,35
108,train/dr1/mwad0/si1062.wav,36,0,36
109,train/dr1/mwad0/si1749.wav,36,0,36
110,train/dr1/mwad0/si2322.wav,36,0,36
111,train/dr1/mwar0/si1045.wav,37,0,37
112,train/dr1/mwar0/si1675.wav,37,0,37
113,train/dr1/mwar0/si2305.wav,37,0,37
114,train/dr2/faem0/si1392.wav,38,0,38
115,train/dr2/faem0/si2022.wav,38,0,38
116,train/dr2/faem0/si762.wav,38,0,38
117,train/dr2/fajw0/si1263.wav,39,0,39
118,train/dr2/fajw0/si1893.wav,39,0,39
119,train/dr2/fajw0/si633.wav,39,0,39
120,train/dr2/fcaj0/si1479.wav,40,0,40
121,train/dr2/fcaj0/si1804.wav,40,0,40
122,train/dr2/fcaj0/si849.wav,40,0,40
123,train/dr2/fcmm0/si1083.wav,41,41,41
124,train/dr2/fcmm0/si1957.wav,41,0,41
125,train/dr2/fcmm0/si453.wav,41,0,41
126,train/dr2/fcyl0/si1297.wav,42,0,42
127,train/dr2/fcyl0/si1927.wav,42,0,42
128,train/dr2/fcyl0/si667.wav,42,0,42
129,train/dr2/fdas1/si1461.wav,43,0,43
130,train/dr2/fdas1/si2091.wav,43,0,43
131,train/dr2/fdas1/si831.wav,43,0,43
132,train/dr2/fdnc0/si1278.wav,44,0,44
133,train/dr2/fdnc0/si1908.wav,44,0,44
134,train/dr2/fdnc0/si2287.wav,44,0,44
135,train/dr2/fdxw0/si1511.wav,45,0,45
136,train/dr2/fdxw0/si2141.wav,45,0,45
137,train/dr2/fdxw0/si881.wav,45,0,45
138,train/dr2/feac0/si1245.wav,46,0,46
139,train/dr2/feac0/si1875.wav,46,0,46
140,train/dr2/feac0/si615.wav,46,0,46
141,train/dr2/fhlm0/si1560.wav,47,0,47
142,train/dr2/fhlm0/si2190.wav,47,0,47
143,train/dr2/fhlm0/si930.wav,47,0,47
144,train/dr2/fjkl0/si1562.wav,48,56,48
145,train/dr2/fjkl0/si2192.wav,48,0,48
146,train/dr2/fjkl0/si932.wav,48,0,48
147,train/dr2/fkaa0/si1208.wav,49,0,49
148,train/dr2/fkaa0/si1838.wav,49,0,49
149,train/dr2/fkaa0/si578.wav,49,0,49
150,train/dr2/flma0/si1243.wav,50,0,50
151,train/dr2/flma0/si1873.wav,50,0,50
152,train/dr2/flma0/si613.wav,50,0,50
153,train/dr2/flmc0/si1372.wav,51,0,51
154,train/dr2/flmc0/si2002.wav,51,0,51
155,train/dr2/flmc0/si742.wav,51,0,51
156,train/dr2/fmjb0/si1177.wav,52,0,52
157,train/dr2/fmjb0/si1807.wav,52,0,52
158,train/dr2/fmjb0/si547.wav,52,0,52
159,train/dr2/fmkf0/si1018.wav,53,0,53
160,train/dr2/fmkf0/si1536.wav,53,0,53
161,train/dr2/fmkf0/si906.wav,53,0,201
162,train/dr2/fmmh0/si1537.wav,54,0,54
163,train/dr2/fmmh0/si2167.wav,54,0,54
164,train/dr2/fmmh0/si907.wav,54,0,117
165,train/dr2/fpjf0/si1046.wav,55,0,55
166,train/dr2/fpjf0/si1259.wav,55,0,55
167,train/dr2/fpjf0/si1676.wav,55,0,55
168,train/dr2/frll0/si1514.wav,56,56,56
169,train/dr2/frll0/si805.wav,56,56,56
170,train/dr2/frll0/si884.wav,56,56,56
171,train/dr2/fscn0/si1886.wav,57,0,57
172,train/dr2/fscn0/si626.wav,57,0,57
173,train/dr2/fscn0/si705.wav,57,0,57
174,train/dr2/fskl0/si1529.wav,58,0,58
175,train/dr2/fskl0/si2159.wav,58,0,58
176,train/dr2/fskl0/si899.wav,58,0,58
177,train/dr2/fsrh0/si1719.wav,59,0,59
178,train/dr2/fsrh0/si1931.wav,59,0,59
179,train/dr2/fsrh0/si671.wav,59,0,59
180,train/dr2/ftmg0/si1532.wav,60,0,60
181,train/dr2/ftmg0/si2162.wav,60,0,60
182,train/dr2/ftmg0/si902.wav,60,0,60
183,train/dr2/marc0/si1188.wav,61,0,61
184,train/dr2/marc0/si1818.wav,61,0,61
185,train/dr2/marc0/si558.wav,61,0,61
186,train/dr2/mbjv0/si1247.wav,62,0,62
187,train/dr2/mbjv0/si1877.wav,62,62,62
188,train/dr2/mbjv0/si617.wav,62,0,62
189,train/dr2/mcew0/si1442.wav,63,0,63
190,train/dr2/mcew0/si2072.wav,63,0,63
191,train/dr2/mcew0/si812.wav,63,0,63
192,train/dr2/mctm0/si1350.wav,64,0,64
193,train/dr2/mctm0/si1980.wav,64,0,64
194,train/dr2/mctm0/si720.wav,64,0,64
195,train/dr2/mdbp0/si1158.wav,65,0,65
196,train/dr2/mdbp0/si1788.wav,65,0,65
197,train/dr2/mdbp0/si528.wav,65,0,65
198,train/dr2/mdem0/si1868.wav,66,0,66
199,train/dr2/mdem0/si608.wav,66,0,66
200,train/dr2/mdem0/si800.wav,66,0,66
201,train/dr2/mdlb0/si1306.wav,67,0,67
202,train/dr2/mdlb0/si1936.wav,67,0,67
203,train/dr2/mdlb0/si676.wav,67,0,67
204,train/dr2/mdlc2/si1614.wav,68,0,68
205,train/dr2/mdlc2/si2244.wav,68,236,68
206,train/dr2/mdlc2/si984.wav,68,0,68
207,train/dr2/mdmt0/si1832.wav,69,0,69
208,train/dr2/mdmt0/si2341.wav,69,0,69
209,train/dr2/mdmt0/si572.wav,69,0,69
210,train/dr2/mdps0/si1651.wav,70,0,70
211,train/dr2/mdps0/si1979.wav,70,0,70
212,train/dr2/mdps0/si719.wav,70,0,70
213,train/dr2/mdss0/si1881.wav,71,0,71
214,train/dr2/mdss0/si2087.wav,71,0,71
215,train/dr2/mdss0/si621.wav,71,0,71
216,train/dr2/mdwd0/si1260.wav,72,0,72
217,train/dr2/mdwd0/si1890.wav,72,0,72
218,train/dr2/mdwd0/si557.wav,72,0,72
219,train/dr2/mefg0/si465.wav,73,0,73
220,train/dr2/mefg0/si491.wav,73,0,73
221,train/dr2/mefg0/si598.wav,73,0,73
222,train/dr2/mhrm0/si1475.wav,74,74,74
223,train/dr2/mhrm0/si2218.wav,74,74,74
224,train/dr2/mhrm0/si958.wav,74,0,74
225,train/dr2/mjae0/si1524.wav,75,0,75
226,train/dr2/mjae0/si1999.wav,75,0,75
227,train/dr2/mjae0/si2154.wav,75,0,75
228,train/dr2/mjbg0/si1232.wav,76,0,76
229,train/dr2/mjbg0/si1724.wav,76,0,76
230,train/dr2/mjbg0/si1862.wav,76,0,76
231,train/dr2/mjde0/si1120.wav,77,0,77
232,train/dr2/mjde0/si463.wav,77,0,77
233,train/dr2/mjde0/si490.wav,77,0,77
234,train/dr2/mjeb0/si1286.wav,78,0,78
235,train/dr2/mjeb0/si1916.wav,78,0,78
236,train/dr2/mjeb0/si656.wav,78,0,78
237,train/dr2/mjhi0/si1328.wav,79,0,79
238,train/dr2/mjhi0/si555.wav,79,0,79
239,train/dr2/mjhi0/si698.wav,79,0,79
240,train/dr2/mjma0/si1495.wav,80,0,80
241,train/dr2/mjma0/si2125.wav,80,0,80
242,train/dr2/mjma0/si865.wav,80,0,80
243,train/dr2/mjmd0/si1028.wav,81,156,81
244,train/dr2/mjmd0/si1658.wav,81,156,81
245,train/dr2/mjmd0/si2288.wav,81,0,81
246,train/dr2/mjpm0/si1368.wav,82,0,82
247,train/dr2/mjpm0/si1998.wav,82,0,82
248,train/dr2/mjpm0/si738.wav,82,0,82
249,train/dr2/mjrp0/si1835.wav,83,330,83
250,train/dr2/mjrp0/si1845.wav,83,0,83
251,train/dr2/mjrp0/si585.wav,83,0,83
252,train/dr2/mkah0/si1528.wav,84,0,84
253,train/dr2/mkah0/si2158.wav,84,0,84
254,train/dr2/mkah0/si898.wav,84,0,84
255,train/dr2/mkaj0/si1414.wav,85,0,85
256,train/dr2/mkaj0/si2044.wav,85,0,85
257,train/dr2/mkaj0/si784.wav,85,0,85
258,train/dr2/mkdt0/si2153.wav,86,0,86
259,train/dr2/mkdt0/si814.wav,86,0,86
260,train/dr2/mkdt0/si893.wav,86,0,86
261,train/dr2/mkjo0/si1517.wav,87,0,87
262,train/dr2/mkjo0/si2147.wav,87,0,87
263,train/dr2/mkjo0/si887.wav,87,0,87
264,train/dr2/mmaa0/si1588.wav,88,0,88
265,train/dr2/mmaa0/si2105.wav,88,0,88
266,train/dr2/mmaa0/si845.wav,88,0,88
267,train/dr2/mmag0/si1126.wav,89,0,89
268,train/dr2/mmag0/si1756.wav,89,0,89
269,train/dr2/mmag0/si496.wav,89,0,89
270,train/dr2/mmds0/si1343.wav,90,0,90
271,train/dr2/mmds0/si1973.wav,90,236,90
272,train/dr2/mmds0/si713.wav,90,0,90
273,train/dr2/mmgk0/si1322.wav,91,0,91
274,train/dr2/mmgk0/si1952.wav,91,289,70
275,train/dr2/mmgk0/si692.wav,91,111,91
276,train/dr2/mmxs0/si2136.wav,92,0,92
277,train/dr2/mmxs0/si629.wav,92,0,92
278,train/dr2/mmxs0/si876.wav,92,192,92
279,train/dr2/mppc0/si1412.wav,93,0,93
280,train/dr2/mppc0/si2042.wav,93,0,93
281,train/dr2/mppc0/si782.wav,93,0,93
282,train/dr2/mprb0/si1205.wav,94,94,94
283,train/dr2/mprb0/si1215.wav,94,0,94
284,train/dr2/mprb0/si575.wav,94,0,94
285,train/dr2/mrab0/si1224.wav,95,289,95
286,train/dr2/mrab0/si1854.wav,95,0,95
287,train/dr2/mrab0/si594.wav,95,0,95
288,train/dr2/mrcw0/si1371.wav,96,0,96
289,train/dr2/mrcw0/si2001.wav,96,0,96
290,train/dr2/mrcw0/si741.wav,96,96,96
291,train/dr2/mrfk0/si1076.wav,97,0,97
292,train/dr2/mrfk0/si1706.wav,97,0,145
293,train/dr2/mrfk0/si2336.wav,97,0,97
294,train/dr2/mrgs0/si1356.wav,98,0,98
295,train/dr2/mrgs0/si1986.wav,98,98,98
296,train/dr2/mrgs0/si726.wav,98,0,98
297,train/dr2/mrhl0/si1515.wav,99,330,99
298,train/dr2/mrhl0/si2145.wav,99,0,99
299,train/dr2/mrhl0/si885.wav,99,0,99
300,train/dr2/mrjh0/si1519.wav,100,0,100
301,train/dr2/mrjh0/si889.wav,100,0,100
302,train/dr2/mrjh0/si914.wav,100,0,77
303,train/dr2/mrjm0/si1095.wav,101,0,101
304,train/dr2/mrjm0/si1228.wav,101,0,101
305,train/dr2/mrjm0/si1858.wav,101,0,101
306,train/dr2/mrjm1/si1298.wav,102,0,102
307,train/dr2/mrjm1/si1928.wav,102,236,102
308,train/dr2/mrjm1/si668.wav,102,0,102
309,train/dr2/mrjt0/si1498.wav,103,0,103
310,train/dr2/mrjt0/si1805.wav,103,103,103
311,train/dr2/mrjt0/si868.wav,103,0,103
312,train/dr2/mrlj0/si1420.wav,104,0,104
313,train/dr2/mrlj0/si2050.wav,104,0,104
314,train/dr2/mrlj0/si790.wav,104,0,104
315,train/dr2/mrlr0/si1196.wav,105,0,105
316,train/dr2/mrlr0/si1826.wav,105,0,105
317,train/dr2/mrlr0/si566.wav,105,0,105
318,train/dr2/mrms0/si1113.wav,106,0,106
319,train/dr2/mrms0/si2057.wav,106,0,106
320,train/dr2/mrms0/si2100.wav,106,0,106
321,train/dr2/msat0/si1526.wav,107,299,107
322,train/dr2/msat0/si2156.wav,107,0,107
323,train/dr2/msat0/si896.wav,107,0,107
324,train/dr2/mtat1/si1409.wav,108,0,108
325,train/dr2/mtat1/si1627.wav,108,0,108
326,train/dr2/mtat1/si779.wav,108,0,108
327,train/dr2/mtbc0/si1173.wav,109,0,109
328,train/dr2/mtbc0/si1803.wav,109,0,109
329,train/dr2/mtbc0/si543.wav,109,0,109
330,train/dr2/mtdb0/si1401.wav,110,0,110
331,train/dr2/mtdb0/si2031.wav,110,110,110
332,train/dr2/mtdb0/si771.wav,110,0,110
333,train/dr2/mtjg0/si1520.wav,111,111,111
334,train/dr2/mtjg0/si2157.wav,111,0,111
335,train/dr2/mtjg0/si890.wav,111,111,111
336,train/dr2/mwsb0/si1626.wav,112,0,238
337,train/dr2/mwsb0/si2256.wav,112,0,112
338,train/dr2/mwsb0/si996.wav,112,0,112
339,train/dr2/mzmb0/si1166.wav,113,0,113
340,train/dr2/mzmb0/si1796.wav,113,0,113
341,train/dr2/mzmb0/si536.wav,113,0,113
342,train/dr3/falk0/si1086.wav,114,0,114
343,train/dr3/falk0/si456.wav,114,0,114
344,train/dr3/falk0/si658.wav,114,0,114
345,train/dr3/fcke0/si1111.wav,115,0,115
346,train/dr3/fcke0/si1741.wav,115,0,115
347,train/dr3/fcke0/si481.wav,115,0,115
348,train/dr3/fcmg0/si1142.wav,116,0,116
349,train/dr3/fcmg0/si1242.wav,116,0,116
350,train/dr3/fcmg0/si1872.wav,116,0,116
351,train/dr3/fdfb0/si1318.wav,117,0,117
352,train/dr3/fdfb0/si1948.wav,117,0,117
353,train/dr3/fdfb0/si2010.wav,117,0,117
354,train/dr3/fdjh0/si1565.wav,118,0,264
355,train/dr3/fdjh0/si2195.wav,118,0,118
356,train/dr3/fdjh0/si935.wav,118,0,118
357,train/dr3/feme0/si1505.wav,119,0,119
358,train/dr3/feme0/si2135.wav,119,0,119
359,train/dr3/feme0/si875.wav,119,0,119
360,train/dr3/fgcs0/si1486.wav,120,0,120
361,train/dr3/fgcs0/si2116.wav,120,120,120
362,train/dr3/fgcs0/si856.wav,120,0,120
363,train/dr3/fgrw0/si1152.wav,121,0,121
364,train/dr3/fgrw0/si1782.wav,121,0,121
365,train/dr3/fgrw0/si1990.wav,121,0,121
366,train/dr3/fjlg0/si1506.wav,122,0,122
367,train/dr3/fjlg0/si1889.wav,122,0,122
368,train/dr3/fjlg0/si2306.wav,122,0,122
369,train/dr3/fjlr0/si1231.wav,123,0,123
370,train/dr3/fjlr0/si1861.wav,123,0,123
371,train/dr3/fjlr0/si601.wav,123,0,123
372,train/dr3/flac0/si1339.wav,124,0,124
373,train/dr3/flac0/si2161.wav,124,0,124
374,train/dr3/flac0/si901.wav,124,0,124
375,train/dr3/fljd0/si1516.wav,125,0,125
376,train/dr3/fljd0/si2146.wav,125,0,125
377,train/dr3/fljd0/si886.wav,125,0,125
378,train/dr3/fltm0/si1070.wav,126,0,126
379,train/dr3/fltm0/si1700.wav,126,0,126
380,train/dr3/fltm0/si2330.wav,126,0,126
381,train/dr3/fmjf0/si1254.wav,127,0,127
382,train/dr3/fmjf0/si1884.wav,127,0,127
383,train/dr3/fmjf0/si624.wav,127,0,127
384,train/dr3/fntb0/si1203.wav,128,0,128
385,train/dr3/fntb0/si573.wav,128,0,128
386,train/dr3/fntb0/si679.wav,128,0,128
387,train/dr3/fpaz0/si1593.wav,129,0,129
388,train/dr3/fpaz0/si2223.wav,129,0,129
389,train/dr3/fpaz0/si963.wav,129,0,129
390,train/dr3/fsjs0/si1171.wav,130,0,130
391,train/dr3/fsjs0/si1801.wav,130,0,130
392,train/dr3/fsjs0/si541.wav,130,0,130
393,train/dr3/fsjw0/si1333.wav,131,0,131
394,train/dr3/fsjw0/si1963.wav,131,0,131
395,train/dr3/fsjw0/si703.wav,131,0,131
396,train/dr3/fskc0/si1416.wav,132,0,132
397,train/dr3/fskc0/si2046.wav,132,0,132
398,train/dr3/fskc0/si786.wav,132,0,132
399,train/dr3/fsls0/si1056.wav,133,131,133
400,train/dr3/fsls0/si1686.wav,133,0,133
401,train/dr3/fsls0/si2316.wav,133,0,133
402,train/dr3/madc0/si1367.wav,134,0,134
403,train/dr3/madc0/si1997.wav,134,0,134
404,train/dr3/madc0/si737.wav,134,0,134
405,train/dr3/makb0/si1016.wav,135,0,135
406,train/dr3/makb0/si1646.wav,135,0,135
407,train/dr3/makb0/si2276.wav,135,0,135
408,train/dr3/makr0/si1352.wav,136,0,136
409,train/dr3/makr0/si1982.wav,136,0,136
410,train/dr3/makr0/si722.wav,136,0,136
411,train/dr3/mapv0/si1293.wav,137,0,137
412,train/dr3/mapv0/si1923.wav,137,0,137
413,train/dr3/mapv0/si663.wav,137,0,137
414,train/dr3/mbef0/si1281.wav,138,0,138
415,train/dr3/mbef0/si1911.wav,138,0,138
416,train/dr3/mbef0/si651.wav,138,0,138
417,train/dr3/mcal0/si1138.wav,139,0,139
418,train/dr3/mcal0/si1768.wav,139,0,139
419,train/dr3/mcal0/si508.wav,139,94,139
420,train/dr3/mcdc0/si1292.wav,140,0,140
421,train/dr3/mcdc0/si1922.wav,140,0,140
422,train/dr3/mcdc0/si662.wav,140,0,140
423,train/dr3/mcdd0/si1513.wav,141,0,141
424,train/dr3/mcdd0/si2143.wav,141,0,141
425,train/dr3/mcdd0/si883.wav,141,0,141
426,train/dr3/mcef0/si1135.wav,142,0,142
427,train/dr3/mcef0/si1765.wav,142,0,142
428,train/dr3/mcef0/si842.wav,142,0,142
429,train/dr3/mdbb1/si1006.wav,143,0,143
430,train/dr3/mdbb1/si1636.wav,143,0,143
431,train/dr3/mdbb1/si2056.wav,143,0,143
432,train/dr3/mddc0/si1419.wav,144,144,144
433,train/dr3/mddc0/si2049.wav,144,144,144
434,train/dr3/mddc0/si789.wav,144,0,144
435,train/dr3/mdef0/si1123.wav,145,0,145
436,train/dr3/mdef0/si1563.wav,145,0,145
437,train/dr3/mdef0/si2193.wav,145,0,145
438,train/dr3/mdhs0/si1530.wav,146,0,146
439,train/dr3/mdhs0/si2160.wav,146,0,146
440,train/dr3/mdhs0/si900.wav,146,0,146
441,train/dr3/mdjm0/si1455.wav,147,0,147
442,train/dr3/mdjm0/si2085.wav,147,0,147
443,train/dr3/mdjm0/si825.wav,147,0,147
444,train/dr3/mdlc0/si1395.wav,148,0,148
445,train/dr3/mdlc0/si2025.wav,148,0,148
446,train/dr3/mdlc0/si765.wav,148,0,231
447,train/dr3/mdlh0/si1960.wav,149,0,149
448,train/dr3/mdlh0/si574.wav,149,0,149
449,train/dr3/mdlh0/si700.wav,149,0,149
450,train/dr3/mdns0/si1011.wav,150,0,150
451,train/dr3/mdns0/si2271.wav,150,0,150
452,train/dr3/mdns0/si873.wav,150,0,150
453,train/dr3/mdss1/si1327.wav,151,0,151
454,train/dr3/mdss1/si1713.wav,151,0,151
455,train/dr3/mdss1/si697.wav,151,0,151
456,train/dr3/mdtb0/si1200.wav,152,111,152
457,train/dr3/mdtb0/si1830.wav,152,0,152
458,train/dr3/mdtb0/si570.wav,152,0,152
459,train/dr3/mdwm0/si1546.wav,153,0,153
460,train/dr3/mdwm0/si2176.wav,153,0,153
461,train/dr3/mdwm0/si916.wav,153,0,153
462,train/dr3/mfmc0/si1132.wav,154,0,154
463,train/dr3/mfmc0/si1762.wav,154,0,154
464,train/dr3/mfmc0/si502.wav,154,0,154
465,train/dr3/mgaf0/si1282.wav,155,0,155
466,train/dr3/mgaf0/si1912.wav,155,0,155
467,train/dr3/mgaf0/si652.wav,155,0,155
468,train/dr3/mhjb0/si1017.wav,156,156,156
469,train/dr3/mhjb0/si1647.wav,156,0,156
470,train/dr3/mhjb0/si2277.wav,156,0,156
471,train/dr3/mhmr0/si1119.wav,157,0,157
472,train/dr3/mhmr0/si1692.wav,157,0,157
473,train/dr3/mhmr0/si489.wav,157,0,157
474,train/dr3/milb0/si2163.wav,158,0,158
475,train/dr3/milb0/si807.wav,158,0,158
476,train/dr3/milb0/si903.wav,158,0,158
477,train/dr3/mjda0/si1031.wav,159,0,159
478,train/dr3/mjda0/si1661.wav,159,0,159
479,train/dr3/mjda0/si2291.wav,159,0,159
480,train/dr3/mjjb0/si1139.wav,160,0,160
481,train/dr3/mjjb0/si1277.wav,160,0,160
482,train/dr3/mjjb0/si1769.wav,160,0,160
483,train/dr3/mjkr0/si1201.wav,161,0,161
484,train/dr3/mjkr0/si1831.wav,161,0,161
485,train/dr3/mjkr0/si571.wav,161,0,161
486,train/dr3/mjlg1/si1012.wav,162,0,162
487,train/dr3/mjlg1/si1642.wav,162,0,162
488,train/dr3/mjlg1/si2272.wav,162,0,162
489,train/dr3/mjrh1/si1558.wav,163,0,163
490,train/dr3/mjrh1/si1774.wav,163,0,163
491,train/dr3/mjrh1/si514.wav,163,0,163
492,train/dr3/mkls1/si1545.wav,164,236,164
493,train/dr3/mkls1/si2175.wav,164,0,164
494,train/dr3/mkls1/si915.wav,164,0,164
495,train/dr3/mkxl0/si1185.wav,165,0,165
496,train/dr3/mkxl0/si1815.wav,165,165,165
497,train/dr3/mkxl0/si1958.wav,165,0,165
498,train/dr3/mlns0/si1407.wav,166,94,166
499,train/dr3/mlns0/si2037.wav,166,0,166
500,train/dr3/mlns0/si777.wav,166,94,166
501,train/dr3/mmam0/si1597.wav,167,0,167
502,train/dr3/mmam0/si1668.wav,167,0,167
503,train/dr3/mmam0/si2227.wav,167,236,167
504,train/dr3/mmar0/si1336.wav,168,0,168
505,train/dr3/mmar0/si1966.wav,168,0,168
506,train/dr3/mmar0/si706.wav,168,0,168
507,train/dr3/mmeb0/si1357.wav,169,0,169
508,train/dr3/mmeb0/si1987.wav,169,236,169
509,train/dr3/mmeb0/si727.wav,169,0,169
510,train/dr3/mmjb1/si1408.wav,170,170,170
511,train/dr3/mmjb1/si2038.wav,170,0,170
512,train/dr3/mmjb1/si778.wav,170,0,170
513,train/dr3/mmsm0/si1106.wav,171,0,171
514,train/dr3/mmsm0/si1736.wav,171,0,171
515,train/dr3/mmsm0/si476.wav,171,0,171
516,train/dr3/mprd0/si1431.wav,172,0,172
517,train/dr3/mprd0/si2061.wav,172,0,172
518,train/dr3/mprd0/si801.wav,172,0,172
519,train/dr3/mrbc0/si1665.wav,173,0,173
520,train/dr3/mrbc0/si1859.wav,173,0,173
521,train/dr3/mrbc0/si599.wav,173,0,173
522,train/dr3/mrds0/si1167.wav,174,0,174
523,train/dr3/mrds0/si1797.wav,174,0,16
524,train/dr3/mrds0/si537.wav,174,0,174
525,train/dr3/mree0/si1104.wav,175,0,175
526,train/dr3/mree0/si1734.wav,175,0,175
527,train/dr3/mree0/si1959.wav,175,0,175
528,train/dr3/mreh1/si1599.wav,176,0,176
529,train/dr3/mreh1/si2229.wav,176,0,176
530,train/dr3/mreh1/si969.wav,176,0,176
531,train/dr3/mrjb1/si1020.wav,177,0,177
532,train/dr3/mrjb1/si1413.wav,177,0,177
533,train/dr3/mrjb1/si2021.wav,177,0,177
534,train/dr3/mrtc0/si1458.wav,178,0,178
535,train/dr3/mrtc0/si2088.wav,178,0,178
536,train/dr3/mrtc0/si828.wav,178,0,178
537,train/dr3/mrtj0/si1551.wav,179,0,179
538,train/dr3/mrtj0/si2032.wav,179,179,179
539,train/dr3/mrtj0/si772.wav,179,0,179
540,train/dr3/mrwa0/si1603.wav,180,0,180
541,train/dr3/mrwa0/si2233.wav,180,0,180
542,train/dr3/mrwa0/si973.wav,180,0,180
543,train/dr3/msfv0/si1262.wav,181,0,181
544,train/dr3/msfv0/si1892.wav,181,0,181
545,train/dr3/msfv0/si632.wav,181,0,181
546,train/dr3/mtjm0/si1226.wav,182,0,182
547,train/dr3/mtjm0/si1856.wav,182,0,182
548,train/dr3/mtjm0/si655.wav,182,0,182
549,train/dr3/mtkp0/si1023.wav,183,0,183
550,train/dr3/mtkp0/si2283.wav,183,0,183
551,train/dr3/mtkp0/si454.wav,183,0,183
552,train/dr3/mtlb0/si1134.wav,184,184,184
553,train/dr3/mtlb0/si1764.wav,184,345,184
554,train/dr3/mtlb0/si504.wav,184,0,184
555,train/dr3/mtpg0/si1383.wav,185,0,185
556,train/dr3/mtpg0/si2013.wav,185,0,185
557,train/dr3/mtpg0/si753.wav,185,0,185
558,train/dr3/mtpp0/si1508.wav,186,0,186
559,train/dr3/mtpp0/si2138.wav,186,0,186
560,train/dr3/mtpp0/si878.wav,186,0,186
561,train/dr3/mvjh0/si1556.wav,187,0,187
562,train/dr3/mvjh0/si2186.wav,187,0,187
563,train/dr3/mvjh0/si926.wav,187,236,187
564,train/dr3/mwdk0/si1436.wav,188,0,188
565,train/dr3/mwdk0/si2017.wav,188,0,188
566,train/dr3/mwdk0/si806.wav,188,0,188
567,train/dr3/mwgr0/si1606.wav,189,0,189
568,train/dr3/mwgr0/si2236.wav,189,0,189
569,train/dr3/mwgr0/si976.wav,189,0,189
570,train/dr4/falr0/si1325.wav,190,0,190
571,train/dr4/falr0/si1955.wav,190,0,190
572,train/dr4/falr0/si695.wav,190,0,190
573,train/dr4/fbas0/si1387.wav,191,0,191
574,train/dr4/fbas0/si1472.wav,191,0,191
575,train/dr4/fbas0/si2066.wav,191,0,191
576,train/dr4/fbmj0/si1776.wav,192,0,192
577,train/dr4/fbmj0/si516.wav,192,0,192
578,train/dr4/fbmj0/si815.wav,192,0,192
579,train/dr4/fcag0/si1503.wav,193,0,193
580,train/dr4/fcag0/si1641.wav,193,0,193
581,train/dr4/fcag0/si2133.wav,193,0,193
582,train/dr4/fdkn0/si1081.wav,194,0,194
583,train/dr4/fdkn0/si1202.wav,194,0,194
584,train/dr4/fdkn0/si1711.wav,194,0,194
585,train/dr4/feeh0/si1112.wav,195,0,195
586,train/dr4/feeh0/si1742.wav,195,0,195
587,train/dr4/feeh0/si471.wav,195,0,195
588,train/dr4/fjwb1/si2055.wav,196,0,196
589,train/dr4/fjwb1/si748.wav,196,0,196
590,train/dr4/fjwb1/si795.wav,196,0,196
591,train/dr4/fjxp0/si1122.wav,197,0,197
592,train/dr4/fjxp0/si1752.wav,197,0,197
593,train/dr4/fjxp0/si492.wav,197,0,197
594,train/dr4/fkdw0/si1207.wav,198,0,198
595,train/dr4/fkdw0/si1891.wav,198,0,198
596,train/dr4/fkdw0/si577.wav,198,0,198
597,train/dr4/fklc0/si1615.wav,199,0,199
598,train/dr4/fklc0/si2245.wav,199,0,199
599,train/dr4/fklc0/si985.wav,199,0,199
600,train/dr4/flhd0/si1344.wav,200,0,200
601,train/dr4/flhd0/si1827.wav,200,0,200
602,train/dr4/flhd0/si1974.wav,200,0,200
603,train/dr4/flkm0/si1880.wav,201,0,201
604,train/dr4/flkm0/si620.wav,201,0,201
605,train/dr4/flkm0/si686.wav,201,0,201
606,train/dr4/fpaf0/si1054.wav,202,0,202
607,train/dr4/fpaf0/si1684.wav,202,0,202
608,train/dr4/fpaf0/si2314.wav,202,0,202
609,train/dr4/fsak0/si1300.wav,203,0,203
610,train/dr4/fsak0/si1930.wav,203,0,203
611,train/dr4/fsak0/si670.wav,203,0,203
612,train/dr4/fssb0/si1082.wav,204,0,204
613,train/dr4/fssb0/si1712.wav,204,0,204
614,train/dr4/fssb0/si2342.wav,204,0,204
615,train/dr4/maeb0/si1411.wav,205,0,205
616,train/dr4/maeb0/si2250.wav,205,236,205
617,train/dr4/maeb0/si990.wav,205,0,205
618,train/dr4/marw0/si1276.wav,206,0,206
619,train/dr4/marw0/si1906.wav,206,0,206
620,train/dr4/marw0/si646.wav,206,0,206
621,train/dr4/mbma0/si1222.wav,207,0,207
622,train/dr4/mbma0/si1852.wav,207,102,207
623,train/dr4/mbma0/si592.wav,207,102,207
624,train/dr4/mbwp0/si1531.wav,208,31,208
625,train/dr4/mbwp0/si1969.wav,208,168,208
626,train/dr4/mbwp0/si709.wav,208,0,208
627,train/dr4/mcdr0/si1154.wav,209,0,209
628,train/dr4/mcdr0/si1784.wav,209,0,209
629,train/dr4/mcdr0/si524.wav,209,0,209
630,train/dr4/mcss0/si1380.wav,210,0,210
631,train/dr4/mcss0/si688.wav,210,0,210
632,train/dr4/mcss0/si750.wav,210,0,210
633,train/dr4/mdcd0/si1415.wav,211,0,211
634,train/dr4/mdcd0/si2045.wav,211,31,211
635,train/dr4/mdcd0/si785.wav,211,0,211
636,train/dr4/mdma0/si1238.wav,212,0,212
637,train/dr4/mdma0/si1430.wav,212,0,212
638,train/dr4/mdma0/si2060.wav,212,0,212
639,train/dr4/mesg0/si1332.wav,213,0,213
640,train/dr4/mesg0/si1962.wav,213,0,213
641,train/dr4/mesg0/si702.wav,213,0,213
642,train/dr4/mfrm0/si1155.wav,214,0,214
643,train/dr4/mfrm0/si1717.wav,214,0,214
644,train/dr4/mfrm0/si1785.wav,214,0,214
645,train/dr4/mfwk0/si1249.wav,215,0,215
646,train/dr4/mfwk0/si1879.wav,215,0,215
647,train/dr4/mfwk0/si619.wav,215,0,215
648,train/dr4/mgag0/si1321.wav,216,0,216
649,train/dr4/mgag0/si645.wav,216,0,216
650,train/dr4/mgag0/si691.wav,216,0,216
651,train/dr4/mgjc0/si1256.wav,217,0,217
652,train/dr4/mgjc0/si1335.wav,217,0,217
653,train/dr4/mgjc0/si1965.wav,217,0,217
654,train/dr4/mgrp0/si1317.wav,218,0,218
655,train/dr4/mgrp0/si1947.wav,218,0,218
656,train/dr4/mgrp0/si687.wav,218,218,218
657,train/dr4/mgxp0/si1087.wav,219,0,219
658,train/dr4/mgxp0/si457.wav,219,0,219
659,train/dr4/mgxp0/si525.wav,219,0,219
660,train/dr4/mjac0/si1331.wav,220,0,220
661,train/dr4/mjac0/si2148.wav,220,0,220
662,train/dr4/mjac0/si701.wav,220,0,220
663,train/dr4/mjdc0/si1161.wav,221,0,221
664,train/dr4/mjdc0/si2165.wav,221,0,221
665,train/dr4/mjdc0/si531.wav,221,0,221
666,train/dr4/mjee0/si1237.wav,222,0,222
667,train/dr4/mjee0/si1867.wav,222,0,222
668,train/dr4/mjee0/si607.wav,222,0,222
669,train/dr4/mjjj0/si1163.wav,223,0,223
670,train/dr4/mjjj0/si1793.wav,223,0,223
671,train/dr4/mjjj0/si533.wav,223,0,223
672,train/dr4/mjlb0/si1616.wav,224,236,224
673,train/dr4/mjlb0/si2246.wav,224,0,224
674,train/dr4/mjlb0/si986.wav,224,0,224
675,train/dr4/mjls0/si1096.wav,225,0,225
676,train/dr4/mjls0/si1726.wav,225,0,225
677,train/dr4/mjls0/si466.wav,225,330,225
678,train/dr4/mjmm0/si1255.wav,226,0,226
679,train/dr4/mjmm0/si1885.wav,226,0,226
680,train/dr4/mjmm0/si625.wav,226,0,226
681,train/dr4/mjpm1/si1897.wav,227,0,227
682,train/dr4/mjpm1/si2280.wav,227,0,227
683,train/dr4/mjpm1/si761.wav,227,227,227
684,train/dr4/mjrh0/si1125.wav,228,0,228
685,train/dr4/mjrh0/si1755.wav,228,94,228
686,train/dr4/mjrh0/si1840.wav,228,0,228
687,train/dr4/mjsr0/si1424.wav,229,0,229
688,train/dr4/mjsr0/si2054.wav,229,0,229
689,train/dr4/mjsr0/si794.wav,229,0,229
690,train/dr4/mjws0/si1143.wav,230,0,230
691,train/dr4/mjws0/si1773.wav,230,0,230
692,train/dr4/mjws0/si513.wav,230,0,230
693,train/dr4/mjxl0/si1172.wav,231,0,231
694,train/dr4/mjxl0/si1795.wav,231,0,231
695,train/dr4/mjxl0/si542.wav,231,0,231
696,train/dr4/mkam0/si1250.wav,232,0,232
697,train/dr4/mkam0/si1316.wav,232,0,232
698,train/dr4/mkam0/si1465.wav,232,0,232
699,train/dr4/mlbc0/si1239.wav,233,0,233
700,train/dr4/mlbc0/si1869.wav,233,0,233
701,train/dr4/mlbc0/si609.wav,233,0,233
702,train/dr4/mlel0/si1246.wav,234,0,234
703,train/dr4/mlel0/si1876.wav,234,0,234
704,train/dr4/mlel0/si616.wav,234,0,234
705,train/dr4/mljc0/si1225.wav,235,0,235
706,train/dr4/mljc0/si1855.wav,235,0,235
707,train/dr4/mljc0/si595.wav,235,0,235
708,train/dr4/mljh0/si1324.wav,236,236,236
709,train/dr4/mljh0/si1422.wav,236,236,236
710,train/dr4/mljh0/si694.wav,236,236,236
711,train/dr4/mlsh0/si1417.wav,237,0,237
712,train/dr4/mlsh0/si2047.wav,237,0,237
713,train/dr4/mlsh0/si787.wav,237,0,237
714,train/dr4/mmbs0/si1151.wav,238,0,238
715,train/dr4/mmbs0/si1781.wav,238,0,238
716,train/dr4/mmbs0/si521.wav,238,0,238
717,train/dr4/mmdm0/si1311.wav,239,0,239
718,train/dr4/mmdm0/si1941.wav,239,0,239
719,train/dr4/mmdm0/si681.wav,239,289,239
720,train/dr4/mmgc0/si1305.wav,240,0,240
721,train/dr4/mmgc0/si1935.wav,240,0,240
722,train/dr4/mmgc0/si2184.wav,240,0,240
723,train/dr4/mnet0/si1446.wav,241,156,241
724,train/dr4/mnet0/si2076.wav,241,156,241
725,train/dr4/mnet0/si816.wav,241,0,241
726,train/dr4/mpeb0/si1034.wav,242,0,242
727,train/dr4/mpeb0/si1860.wav,242,0,242
728,train/dr4/mpeb0/si600.wav,242,0,242
729,train/dr4/mprk0/si1097.wav,243,0,243
730,train/dr4/mprk0/si1727.wav,243,0,243
731,train/dr4/mprk0/si467.wav,243,0,243
732,train/dr4/mprt0/si1210.wav,244,0,244
733,train/dr4/mprt0/si495.wav,244,0,244
734,train/dr4/mprt0/si580.wav,244,0,244
735,train/dr4/mrab1/si1478.wav,245,0,245
736,train/dr4/mrab1/si2108.wav,245,0,245
737,train/dr4/mrab1/si848.wav,245,0,245
738,train/dr4/mrfl0/si1156.wav,246,0,246
739,train/dr4/mrfl0/si1786.wav,246,0,246
740,train/dr4/mrfl0/si526.wav,246,0,246
741,train/dr4/mrgm0/si1162.wav,247,0,247
742,train/dr4/mrgm0/si1792.wav,247,0,247
743,train/dr4/mrgm0/si532.wav,247,0,247
744,train/dr4/mrsp0/si1429.wav,248,0,248
745,train/dr4/mrsp0/si2059.wav,248,0,248
746,train/dr4/mrsp0/si799.wav,248,0,248
747,train/dr4/msfh0/si1216.wav,249,0,249
748,train/dr4/msfh0/si1738.wav,249,0,249
749,train/dr4/msfh0/si586.wav,249,0,249
750,train/dr4/msmc0/si1907.wav,250,345,250
751,train/dr4/msmc0/si509.wav,250,0,250
752,train/dr4/msmc0/si647.wav,250,0,250
753,train/dr4/msms0/si1433.wav,251,0,251
754,train/dr4/msms0/si2063.wav,251,0,251
755,train/dr4/msms0/si803.wav,251,0,251
756,train/dr4/msrg0/si1221.wav,252,0,252
757,train/dr4/msrg0/si1851.wav,252,0,252
758,train/dr4/msrg0/si591.wav,252,0,252
759,train/dr4/mstf0/si1396.wav,253,0,253
760,train/dr4/mstf0/si766.wav,253,236,253
761,train/dr4/mstf0/si852.wav,253,0,253
762,train/dr4/mtas0/si1385.wav,254,0,254
763,train/dr4/mtas0/si2015.wav,254,0,254
764,train/dr4/mtas0/si755.wav,254,0,254
765,train/dr4/mtqc0/si1441.wav,255,0,255
766,train/dr4/mtqc0/si2071.wav,255,0,255
767,train/dr4/mtqc0/si480.wav,255,0,255
768,train/dr4/mtrc0/si1623.wav,256,0,256
769,train/dr4/mtrc0/si589.wav,256,0,256
770,train/dr4/mtrc0/si993.wav,256,0,256
771,train/dr4/mtrt0/si1227.wav,257,0,257
772,train/dr4/mtrt0/si1857.wav,257,0,257
773,train/dr4/mtrt0/si597.wav,257,0,257
774,train/dr5/fbjl0/si1552.wav,258,0,258
775,train/dr5/fbjl0/si2182.wav,258,0,258
776,train/dr5/fbjl0/si922.wav,258,0,258
777,train/dr5/fbmh0/si1136.wav,259,0,259
778,train/dr5/fbmh0/si1766.wav,259,0,259
779,train/dr5/fbmh0/si970.wav,259,0,259
780,train/dr5/fcdr1/si1186.wav,260,0,260
781,train/dr5/fcdr1/si1816.wav,260,0,260
782,train/dr5/fcdr1/si556.wav,260,0,260
783,train/dr5/fdmy0/si1197.wav,261,0,261
784,train/dr5/fdmy0/si567.wav,261,0,261
785,train/dr5/fdmy0/si714.wav,261,0,261
786,train/dr5/fdtd0/si1561.wav,262,0,262
787,train/dr5/fdtd0/si2191.wav,262,0,262
788,train/dr5/fdtd0/si931.wav,262,0,262
789,train/dr5/fear0/si1252.wav,263,0,263
790,train/dr5/fear0/si1882.wav,263,0,263
791,train/dr5/fear0/si622.wav,263,0,263
792,train/dr5/fexm0/si1101.wav,264,0,264
793,train/dr5/fexm0/si1731.wav,264,0,264
794,train/dr5/fexm0/si482.wav,264,0,264
795,train/dr5/fgdp0/si1618.wav,265,0,265
796,train/dr5/fgdp0/si2248.wav,265,0,265
797,train/dr5/fgdp0/si988.wav,265,0,265
798,train/dr5/fgmb0/si1145.wav,266,0,266
799,train/dr5/fgmb0/si1775.wav,266,0,266
800,train/dr5/fgmb0/si515.wav,266,0,266
801,train/dr5/fjxm0/si1211.wav,267,0,267
802,train/dr5/fjxm0/si1971.wav,267,0,267
803,train/dr5/fjxm0/si581.wav,267,0,267
804,train/dr5/fkkh0/si1290.wav,268,0,268
805,train/dr5/fkkh0/si1920.wav,268,0,268
806,train/dr5/fkkh0/si660.wav,268,0,380
807,train/dr5/flja0/si1078.wav,269,0,269
808,train/dr5/flja0/si1708.wav,269,131,269
809,train/dr5/flja0/si2338.wav,269,0,269
810,train/dr5/fljg0/si1611.wav,270,0,270
811,train/dr5/fljg0/si2241.wav,270,0,270
812,train/dr5/fljg0/si981.wav,270,0,270
813,train/dr5/flmk0/si1035.wav,271,0,271
814,train/dr5/flmk0/si1229.wav,271,0,335
815,train/dr5/flmk0/si2295.wav,271,0,335
816,train/dr5/flod0/si1287.wav,272,0,272
817,train/dr5/flod0/si1917.wav,272,0,272
818,train/dr5/flod0/si657.wav,272,0,272
819,train/dr5/fmpg0/si1602.wav,273,0,273
820,train/dr5/fmpg0/si2232.wav,273,0,273
821,train/dr5/fmpg0/si972.wav,273,0,273
822,train/dr5/fpmy0/si1153.wav,274,0,274
823,train/dr5/fpmy0/si1783.wav,274,0,274
824,train/dr5/fpmy0/si523.wav,274,0,274
825,train/dr5/fsag0/si1323.wav,275,0,275
826,train/dr5/fsag0/si1953.wav,275,0,275
827,train/dr5/fsag0/si693.wav,275,0,275
828,train/dr5/fsdc0/si1312.wav,276,0,276
829,train/dr5/fsdc0/si1942.wav,276,0,276
830,train/dr5/fsdc0/si2234.wav,276,0,276
831,train/dr5/fsjg0/si1570.wav,277,0,277
832,train/dr5/fsjg0/si2200.wav,277,0,277
833,train/dr5/fsjg0/si940.wav,277,0,277
834,train/dr5/fskp0/si1098.wav,278,0,278
835,train/dr5/fskp0/si1728.wav,278,131,278
836,train/dr5/fskp0/si468.wav,278,0,278
837,train/dr5/fsmm0/si1314.wav,279,0,279
838,train/dr5/fsmm0/si1944.wav,279,0,279
839,train/dr5/fsmm0/si684.wav,279,0,279
840,train/dr5/fsms1/si1504.wav,280,0,280
841,train/dr5/fsms1/si2134.wav,280,0,280
842,train/dr5/fsms1/si874.wav,280,0,280
843,train/dr5/ftbw0/si1345.wav,281,0,281
844,train/dr5/ftbw0/si1975.wav,281,0,281
845,train/dr5/ftbw0/si715.wav,281,0,281
846,train/dr5/ftlg0/si1743.wav,282,0,282
847,train/dr5/ftlg0/si483.wav,282,0,282
848,train/dr5/ftlg0/si840.wav,282,0,282
849,train/dr5/mbgt0/si1341.wav,283,0,283
850,train/dr5/mbgt0/si1841.wav,283,0,283
851,train/dr5/mbgt0/si711.wav,283,0,283
852,train/dr5/mchl0/si1347.wav,284,0,284
853,train/dr5/mchl0/si1404.wav,284,0,284
854,train/dr5/mchl0/si1977.wav,284,0,284
855,train/dr5/mclm0/si1456.wav,285,0,285
856,train/dr5/mclm0/si2086.wav,285,0,238
857,train/dr5/mclm0/si826.wav,285,0,285
858,train/dr5/mdas0/si1266.wav,286,0,286
859,train/dr5/mdas0/si1896.wav,286,0,286
860,train/dr5/mdas0/si636.wav,286,0,286
861,train/dr5/mdhl0/si1439.wav,287,0,287
862,train/dr5/mdhl0/si2069.wav,287,0,287
863,train/dr5/mdhl0/si809.wav,287,0,287
864,train/dr5/mdsj0/si1462.wav,288,0,288
865,train/dr5/mdsj0/si2092.wav,288,0,288
866,train/dr5/mdsj0/si832.wav,288,0,288
867,train/dr5/mdwh0/si1168.wav,289,289,289
868,train/dr5/mdwh0/si1925.wav,289,289,289
869,train/dr5/mdwh0/si665.wav,289,289,289
870,train/dr5/megj0/si1337.wav,290,0,290
871,train/dr5/megj0/si1967.wav,290,0,290
872,train/dr5/megj0/si707.wav,290,0,290
873,train/dr5/mewm0/si1348.wav,291,0,291
874,train/dr5/mewm0/si1978.wav,291,0,291
875,train/dr5/mewm0/si718.wav,291,0,291
876,train/dr5/mfer0/si1492.wav,292,0,292
877,train/dr5/mfer0/si2122.wav,292,0,292
878,train/dr5/mfer0/si862.wav,292,0,292
879,train/dr5/mges0/si1481.wav,293,0,293
880,train/dr5/mges0/si2111.wav,293,0,293
881,train/dr5/mges0/si851.wav,293,0,293
882,train/dr5/mgsh0/si1176.wav,294,0,294
883,train/dr5/mgsh0/si1806.wav,294,0,294
884,train/dr5/mgsh0/si546.wav,294,0,294
885,train/dr5/mhit0/si1613.wav,295,0,295
886,train/dr5/mhit0/si2243.wav,295,0,295
887,train/dr5/mhit0/si983.wav,295,0,295
888,train/dr5/mhmg0/si1365.wav,296,0,296
889,train/dr5/mhmg0/si1995.wav,296,0,296
890,train/dr5/mhmg0/si735.wav,296,0,296
891,train/dr5/mjdm0/si1340.wav,297,0,297
892,train/dr5/mjdm0/si1937.wav,297,0,297
893,train/dr5/mjdm0/si974.wav,297,236,297
894,train/dr5/mjfh0/si1107.wav,298,0,298
895,train/dr5/mjfh0/si1737.wav,298,0,298
896,train/dr5/mjfh0/si477.wav,298,0,298
897,train/dr5/mjpg0/si1191.wav,299,0,299
898,train/dr5/mjpg0/si1821.wav,299,0,299
899,train/dr5/mjpg0/si561.wav,299,0,299
900,train/dr5/mjrg0/si1366.wav,300,0,300
901,train/dr5/mjrg0/si1996.wav,300,23,300
902,train/dr5/mjrg0/si736.wav,300,0,300
903,train/dr5/mjwg0/si2155.wav,301,0,301
904,train/dr5/mjwg0/si813.wav,301,0,301
905,train/dr5/mjwg0/si895.wav,301,0,301
906,train/dr5/mjxa0/si1507.wav,302,0,302
907,train/dr5/mjxa0/si2137.wav,302,0,302
908,train/dr5/mjxa0/si877.wav,302,0,302
909,train/dr5/mmab1/si1494.wav,303,0,303
910,train/dr5/mmab1/si2124.wav,303,0,303
911,train/dr5/mmab1/si864.wav,303,0,303
912,train/dr5/mmcc0/si1338.wav,304,0,304
913,train/dr5/mmcc0/si1968.wav,304,0,304
914,train/dr5/mmcc0/si708.wav,304,0,304
915,train/dr5/mmdm1/si1650.wav,305,0,305
916,train/dr5/mmdm1/si2043.wav,305,0,305
917,train/dr5/mmdm1/si783.wav,305,0,305
918,train/dr5/mmvp0/si1284.wav,306,0,306
919,train/dr5/mmvp0/si1914.wav,306,0,306
920,train/dr5/mmvp0/si654.wav,306,0,306
921,train/dr5/mmwb0/si1619.wav,307,0,307
922,train/dr5/mmwb0/si2249.wav,307,0,307
923,train/dr5/mmwb0/si989.wav,307,0,307
924,train/dr5/mpmb0/si1501.wav,308,0,308
925,train/dr5/mpmb0/si2131.wav,308,0,308
926,train/dr5/mpmb0/si871.wav,308,0,308
927,train/dr5/mram0/si1275.wav,309,0,309
928,train/dr5/mram0/si1905.wav,309,0,309
929,train/dr5/mram0/si1951.wav,309,0,309
930,train/dr5/mrav0/si1008.wav,310,0,310
931,train/dr5/mrav0/si1638.wav,310,0,310
932,train/dr5/mrav0/si2268.wav,310,0,310
933,train/dr5/mrew1/si1500.wav,311,0,311
934,train/dr5/mrew1/si2130.wav,311,0,311
935,train/dr5/mrew1/si870.wav,311,0,311
936,train/dr5/mrkm0/si1267.wav,312,0,312
937,train/dr5/mrkm0/si1391.wav,312,0,312
938,train/dr5/mrkm0/si637.wav,312,0,312
939,train/dr5/mrld0/si1594.wav,313,0,313
940,train/dr5/mrld0/si2224.wav,313,0,313
941,train/dr5/mrld0/si964.wav,313,0,313
942,train/dr5/mrml0/si1421.wav,314,0,314
943,train/dr5/mrml0/si2051.wav,314,0,314
944,train/dr5/mrml0/si791.wav,314,0,314
945,train/dr5/mrvg0/si1140.wav,315,345,315
946,train/dr5/mrvg0/si1770.wav,315,0,315
947,train/dr5/mrvg0/si510.wav,315,94,315
948,train/dr5/msas0/si1376.wav,316,0,316
949,train/dr5/msas0/si2006.wav,316,0,316
950,train/dr5/msas0/si746.wav,316,0,316
951,train/dr5/msdh0/si2113.wav,317,236,317
952,train/dr5/msdh0/si2240.wav,317,110,317
953,train/dr5/msdh0/si980.wav,317,0,317
954,train/dr5/msem1/si1440.wav,318,0,318
955,train/dr5/msem1/si2070.wav,318,0,318
956,train/dr5/msem1/si810.wav,318,0,318
957,train/dr5/msrr0/si1131.wav,319,0,319
958,train/dr5/msrr0/si1761.wav,319,0,319
959,train/dr5/msrr0/si501.wav,319,0,319
960,train/dr5/mtat0/si1110.wav,320,0,320
961,train/dr5/mtat0/si1740.wav,320,0,320
962,train/dr5/mtat0/si811.wav,320,110,320
963,train/dr5/mtdp0/si1274.wav,321,0,321
964,train/dr5/mtdp0/si1521.wav,321,0,321
965,train/dr5/mtdp0/si2151.wav,321,0,321
966,train/dr5/mtmt0/si1118.wav,322,345,322
967,train/dr5/mtmt0/si1748.wav,322,236,322
968,train/dr5/mtmt0/si488.wav,322,345,322
969,train/dr5/mvlo0/si1147.wav,323,0,323
970,train/dr5/mvlo0/si1777.wav,323,0,323
971,train/dr5/mvlo0/si517.wav,323,0,323
972,train/dr5/mwac0/si1601.wav,324,0,324
973,train/dr5/mwac0/si2231.wav,324,0,324
974,train/dr5/mwac0/si971.wav,324,0,324
975,train/dr5/mwch0/si1622.wav,325,0,325
976,train/dr5/mwch0/si1895.wav,325,0,325
977,train/dr5/mwch0/si2252.wav,325,0,325
978,train/dr5/mwem0/si1320.wav,326,0,326
979,train/dr5/mwem0/si1393.wav,326,0,326
980,train/dr5/mwem0/si1950.wav,326,0,326
981,train/dr5/mwsh0/si1426.wav,327,0,327
982,train/dr5/mwsh0/si2266.wav,327,0,327
983,train/dr5/mwsh0/si796.wav,327,0,327
984,train/dr6/fapb0/si1063.wav,328,0,328
985,train/dr6/fapb0/si1693.wav,328,0,328
986,train/dr6/fapb0/si2323.wav,328,0,328
987,train/dr6/fbch0/si1586.wav,329,0,329
988,train/dr6/fbch0/si956.wav,329,0,329
989,train/dr6/fbch0/si959.wav,329,0,329
990,train/dr6/fhxs0/si1075.wav,330,0,330
991,train/dr6/fhxs0/si2302.wav,330,0,330
992,train/dr6/fhxs0/si2335.wav,330,0,330
993,train/dr6/fjdm2/si1582.wav,331,0,331
994,train/dr6/fjdm2/si1964.wav,331,0,331
995,train/dr6/fjdm2/si2212.wav,331,0,331
996,train/dr6/fklc1/si1048.wav,332,0,332
997,train/dr6/fklc1/si1678.wav,332,0,332
998,train/dr6/fklc1/si2308.wav,332,0,332
999,train/dr6/flag0/si1464.wav,333,0,333
1000,train/dr6/flag0/si2094.wav,333,0,333
1001,train/dr6/flag0/si834.wav,333,0,333
1002,train/dr6/fmju0/si1389.wav,334,0,334
1003,train/dr6/fmju0/si2019.wav,334,0,334
1004,train/dr6/fmju0/si759.wav,334,0,334
1005,train/dr6/fpad0/si1346.wav,335,0,335
1006,train/dr6/fpad0/si1976.wav,335,0,273
1007,train/dr6/fpad0/si716.wav,335,0,335
1008,train/dr6/frjb0/si1427.wav,336,0,336
1009,train/dr6/frjb0/si1470.wav,336,0,336
1010,train/dr6/frjb0/si1794.wav,336,0,336
1011,train/dr6/fsbk0/si1069.wav,337,0,337
1012,train/dr6/fsbk0/si1699.wav,337,0,337
1013,train/dr6/fsbk0/si2329.wav,337,0,337
1014,train/dr6/fsdj0/si1115.wav,338,0,338
1015,train/dr6/fsdj0/si1745.wav,338,0,338
1016,train/dr6/fsdj0/si485.wav,338,0,338
1017,train/dr6/fsgf0/si1557.wav,339,0,339
1018,train/dr6/fsgf0/si2187.wav,339,0,339
1019,train/dr6/fsgf0/si927.wav,339,0,339
1020,train/dr6/ftaj0/si1329.wav,340,0,340
1021,train/dr6/ftaj0/si474.wav,340,0,340
1022,train/dr6/ftaj0/si699.wav,340,0,340
1023,train/dr6/mabc0/si1620.wav,341,0,341
1024,train/dr6/mabc0/si2041.wav,341,0,341
1025,train/dr6/mabc0/si781.wav,341,0,341
1026,train/dr6/majp0/si1074.wav,342,0,342
1027,train/dr6/majp0/si1704.wav,342,0,342
1028,train/dr6/majp0/si2334.wav,342,0,342
1029,train/dr6/mbma1/si2207.wav,343,0,343
1030,train/dr6/mbma1/si2214.wav,343,0,343
1031,train/dr6/mbma1/si954.wav,343,0,343
1032,train/dr6/mcae0/si1447.wav,344,0,344
1033,train/dr6/mcae0/si2077.wav,344,344,344
1034,train/dr6/mcae0/si817.wav,344,0,344
1035,train/dr6/mdrd0/si1382.wav,345,0,345
1036,train/dr6/mdrd0/si2012.wav,345,345,345
1037,train/dr6/mdrd0/si752.wav,345,0,345
1038,train/dr6/meal0/si1547.wav,346,0,346
1039,train/dr6/meal0/si2177.wav,346,0,346
1040,train/dr6/meal0/si917.wav,346,0,346
1041,train/dr6/mejl0/si1592.wav,347,0,347
1042,train/dr6/mejl0/si1654.wav,347,0,347
1043,train/dr6/mejl0/si962.wav,347,0,347
1044,train/dr6/mesj0/si2039.wav,348,0,348
1045,train/dr6/mesj0/si2257.wav,348,0,348
1046,train/dr6/mesj0/si997.wav,348,0,348
1047,train/dr6/mjrk0/si1662.wav,349,192,349
1048,train/dr6/mjrk0/si2103.wav,349,0,349
1049,train/dr6/mjrk0/si880.wav,349,0,349
1050,train/dr6/mkes0/si1253.wav,350,0,350
1051,train/dr6/mkes0/si1883.wav,350,0,350
1052,train/dr6/mkes0/si623.wav,350,0,350
1053,train/dr6/mkln0/si1598.wav,351,0,351
1054,train/dr6/mkln0/si2228.wav,351,0,351
1055,train/dr6/mkln0/si968.wav,351,0,351
1056,train/dr6/mmdb0/si1358.wav,352,0,352
1057,train/dr6/mmdb0/si1617.wav,352,0,352
1058,train/dr6/mmdb0/si987.wav,352,0,352
1059,train/dr6/mpgr1/si1269.wav,353,238,353
1060,train/dr6/mpgr1/si1499.wav,353,0,353
1061,train/dr6/mpgr1/si2129.wav,353,0,353
1062,train/dr6/mrmb0/si1581.wav,354,0,354
1063,train/dr6/mrmb0/si2211.wav,354,0,354
1064,train/dr6/mrmb0/si951.wav,354,0,354
1065,train/dr6/mrxb0/si1585.wav,355,0,355
1066,train/dr6/mrxb0/si2215.wav,355,0,355
1067,train/dr6/mrxb0/si955.wav,355,0,355
1068,train/dr6/msat1/si1073.wav,356,0,356
1069,train/dr6/msat1/si1703.wav,356,0,356
1070,train/dr6/msat1/si2333.wav,356,0,356
1071,train/dr6/msds0/si1077.wav,357,0,357
1072,train/dr6/msds0/si1707.wav,357,0,357
1073,train/dr6/msds0/si2337.wav,357,0,357
1074,train/dr6/msjk0/si1596.wav,358,0,358
1075,train/dr6/msjk0/si2226.wav,358,0,358
1076,train/dr6/msjk0/si966.wav,358,0,358
1077,train/dr6/msmr0/si1150.wav,359,0,153
1078,train/dr6/msmr0/si1405.wav,359,0,359
1079,train/dr6/msmr0/si775.wav,359,0,359
1080,train/dr6/msvs0/si1568.wav,360,0,360
1081,train/dr6/msvs0/si2198.wav,360,0,360
1082,train/dr6/msvs0/si938.wav,360,0,360
1083,train/dr6/mtju0/si2020.wav,361,361,361
1084,train/dr6/mtju0/si2269.wav,361,361,361
1085,train/dr6/mtju0/si760.wav,361,0,361
1086,train/dr6/mtxs0/si1060.wav,362,0,362
1087,train/dr6/mtxs0/si1690.wav,362,0,362
1088,train/dr6/mtxs0/si2320.wav,362,0,362
1089,train/dr7/fblv0/si1058.wav,363,0,363
1090,train/dr7/fblv0/si1688.wav,363,0,363
1091,train/dr7/fblv0/si2318.wav,363,0,363
1092,train/dr7/fcjs0/si1607.wav,364,0,364
1093,train/dr7/fcjs0/si2237.wav,364,0,364
1094,train/dr7/fcjs0/si977.wav,364,0,364
1095,train/dr7/fcrz0/si1913.wav,365,0,365
1096,train/dr7/fcrz0/si2053.wav,365,0,365
1097,train/dr7/fcrz0/si793.wav,365,0,365
1098,train/dr7/fjen0/si1047.wav,366,0,366
1099,train/dr7/fjen0/si1677.wav,366,0,366
1100,train/dr7/fjen0/si2307.wav,366,0,366
1101,train/dr7/fjhk0/si1022.wav,367,0,367
1102,train/dr7/fjhk0/si1652.wav,367,0,367
1103,train/dr7/fjhk0/si2282.wav,367,0,367
1104,train/dr7/fjrp1/si1432.wav,368,0,368
1105,train/dr7/fjrp1/si2062.wav,368,0,368
1106,train/dr7/fjrp1/si802.wav,368,0,368
1107,train/dr7/fjsk0/si1052.wav,369,0,369
1108,train/dr7/fjsk0/si1682.wav,369,0,369
1109,train/dr7/fjsk0/si2312.wav,369,0,369
1110,train/dr7/fkde0/si1141.wav,370,0,370
1111,train/dr7/fkde0/si1771.wav,370,0,370
1112,train/dr7/fkde0/si2221.wav,370,0,370
1113,train/dr7/fksr0/si1117.wav,371,0,371
1114,train/dr7/fksr0/si1747.wav,371,0,371
1115,train/dr7/fksr0/si487.wav,371,0,371
1116,train/dr7/fleh0/si1051.wav,372,0,372
1117,train/dr7/fleh0/si1681.wav,372,0,372
1118,train/dr7/fleh0/si2311.wav,372,0,372
1119,train/dr7/flet0/si1137.wav,373,0,373
1120,train/dr7/flet0/si1767.wav,373,0,373
1121,train/dr7/flet0/si507.wav,373,0,373
1122,train/dr7/fmah1/si1509.wav,374,0,374
1123,train/dr7/fmah1/si2139.wav,374,0,374
1124,train/dr7/fmah1/si879.wav,374,0,374
1125,train/dr7/fmkc0/si1041.wav,375,0,375
1126,train/dr7/fmkc0/si1072.wav,375,0,375
1127,train/dr7/fmkc0/si1702.wav,375,0,375
1128,train/dr7/fpab1/si1471.wav,376,56,376
1129,train/dr7/fpab1/si2101.wav,376,0,376
1130,train/dr7/fpab1/si841.wav,376,0,376
1131,train/dr7/fpac0/si1921.wav,377,0,377
1132,train/dr7/fpac0/si2011.wav,377,0,377
1133,train/dr7/fpac0/si661.wav,377,0,377
1134,train/dr7/freh0/si1315.wav,378,0,378
1135,train/dr7/freh0/si1945.wav,378,0,378
1136,train/dr7/freh0/si685.wav,378,0,378
1137,train/dr7/fspm0/si1241.wav,379,0,379
1138,train/dr7/fspm0/si1871.wav,379,0,379
1139,train/dr7/fspm0/si611.wav,379,0,379
1140,train/dr7/fvkb0/si1159.wav,380,0,380
1141,train/dr7/fvkb0/si1789.wav,380,0,380
1142,train/dr7/fvkb0/si529.wav,380,0,380
1143,train/dr7/madd0/si1295.wav,381,0,381
1144,train/dr7/madd0/si1798.wav,381,0,381
1145,train/dr7/madd0/si538.wav,381,0,381
1146,train/dr7/maeo0/si1326.wav,382,0,382
1147,train/dr7/maeo0/si1655.wav,382,0,382
1148,train/dr7/maeo0/si1956.wav,382,0,382
1149,train/dr7/mafm0/si1569.wav,383,330,383
1150,train/dr7/mafm0/si2199.wav,383,330,383
1151,train/dr7/mafm0/si939.wav,383,0,383
1152,train/dr7/mbar0/si1319.wav,384,0,384
1153,train/dr7/mbar0/si1949.wav,384,0,429
1154,train/dr7/mbar0/si689.wav,384,0,384
1155,train/dr7/mbbr0/si1055.wav,385,0,385
1156,train/dr7/mbbr0/si1685.wav,385,0,385
1157,train/dr7/mbbr0/si2315.wav,385,0,385
1158,train/dr7/mbml0/si1169.wav,386,0,386
1159,train/dr7/mbml0/si1799.wav,386,0,386
1160,train/dr7/mbml0/si539.wav,386,0,386
1161,train/dr7/mbom0/si1014.wav,387,0,387
1162,train/dr7/mbom0/si1644.wav,387,0,387
1163,train/dr7/mbom0/si2274.wav,387,0,387
1164,train/dr7/mbth0/si2102.wav,388,0,388
1165,train/dr7/mbth0/si505.wav,388,0,388
1166,train/dr7/mbth0/si757.wav,388,0,388
1167,train/dr7/mclk0/si1660.wav,389,0,389
1168,train/dr7/mclk0/si2290.wav,389,0,389
1169,train/dr7/mclk0/si650.wav,389,0,389
1170,train/dr7/mcre0/si1121.wav,390,0,390
1171,train/dr7/mcre0/si1725.wav,390,236,390
1172,train/dr7/mcre0/si1751.wav,390,0,390
1173,train/dr7/mcth0/si1209.wav,391,0,391
1174,train/dr7/mcth0/si1839.wav,391,0,391
1175,train/dr7/mcth0/si579.wav,391,0,391
1176,train/dr7/mdcm0/si1480.wav,392,0,392
1177,train/dr7/mdcm0/si2110.wav,392,0,392
1178,train/dr7/mdcm0/si850.wav,392,0,392
1179,train/dr7/mded0/si1170.wav,393,0,393
1180,train/dr7/mded0/si1800.wav,393,0,393
1181,train/dr7/mded0/si540.wav,393,0,393
1182,train/dr7/mdks0/si1066.wav,394,236,394
1183,train/dr7/mdks0/si1696.wav,394,236,394
1184,train/dr7/mdks0/si2326.wav,394,330,394
1185,train/dr7/mdlc1/si1435.wav,395,0,395
1186,train/dr7/mdlc1/si2065.wav,395,0,395
1187,train/dr7/mdlc1/si2144.wav,395,0,395
1188,train/dr7/mdlm0/si1234.wav,396,0,396
1189,train/dr7/mdlm0/si1864.wav,396,0,396
1190,train/dr7/mdlm0/si604.wav,396,0,396
1191,train/dr7/mdlr0/si1233.wav,397,0,397
1192,train/dr7/mdlr0/si1863.wav,397,0,397
1193,train/dr7/mdlr0/si603.wav,397,0,397
1194,train/dr7/mdlr1/si1299.wav,398,0,398
1195,train/dr7/mdlr1/si1929.wav,398,0,398
1196,train/dr7/mdlr1/si669.wav,398,0,398
1197,train/dr7/mdpb0/si1760.wav,399,0,399
1198,train/dr7/mdpb0/si2126.wav,399,0,399
1199,train/dr7/mdpb0/si866.wav,399,0,227
1200,train/dr7/mfxs0/si1674.wav,400,0,400
1201,train/dr7/mfxs0/si2225.wav,400,0,400
1202,train/dr7/mfxs0/si2304.wav,400,0,400
1203,train/dr7/mfxv0/si1005.wav,401,0,401
1204,train/dr7/mfxv0/si1342.wav,401,0,401
1205,train/dr7/mfxv0/si1635.wav,401,0,401
1206,train/dr7/mgak0/si1036.wav,402,402,402
1207,train/dr7/mgak0/si1666.wav,402,0,402
1208,train/dr7/mgak0/si2296.wav,402,402,402
1209,train/dr7/mgar0/si1212.wav,403,0,403
1210,train/dr7/mgar0/si1694.wav,403,0,403
1211,train/dr7/mgar0/si1842.wav,403,0,403
1212,train/dr7/mgaw0/si1165.wav,404,0,404
1213,train/dr7/mgaw0/si1802.wav,404,0,404
1214,train/dr7/mgaw0/si535.wav,404,0,404
1215,train/dr7/mgsl0/si1164.wav,405,0,405
1216,train/dr7/mgsl0/si534.wav,405,405,405
1217,train/dr7/mgsl0/si797.wav,405,0,405
1218,train/dr7/mhbs0/si1575.wav,406,0,406
1219,train/dr7/mhbs0/si2205.wav,406,0,406
1220,train/dr7/mhbs0/si945.wav,406,0,406
1221,train/dr7/mhxl0/si1772.wav,407,31,407
1222,train/dr7/mhxl0/si512.wav,407,0,407
1223,train/dr7/mhxl0/si612.wav,407,0,407
1224,train/dr7/mjai0/si1604.wav,408,0,408
1225,train/dr7/mjai0/si682.wav,408,0,408
1226,train/dr7/mjai0/si710.wav,408,0,408
1227,train/dr7/mjdg0/si1042.wav,409,0,409
1228,train/dr7/mjdg0/si1672.wav,409,0,409
1229,train/dr7/mjdg0/si1705.wav,409,0,409
1230,train/dr7/mjfr0/si1605.wav,410,0,410
1231,train/dr7/mjfr0/si2235.wav,410,0,410
1232,train/dr7/mjfr0/si975.wav,410,0,410
1233,train/dr7/mjjm0/si1251.wav,411,0,411
1234,train/dr7/mjjm0/si1457.wav,411,0,411
1235,train/dr7/mjjm0/si827.wav,411,0,411
1236,train/dr7/mjra0/si1236.wav,412,0,412
1237,train/dr7/mjra0/si1866.wav,412,0,412
1238,train/dr7/mjra0/si606.wav,412,0,412
1239,train/dr7/mkag0/si1609.wav,413,0,413
1240,train/dr7/mkag0/si2239.wav,413,0,413
1241,train/dr7/mkag0/si979.wav,413,0,413
1242,train/dr7/mkdb0/si2132.wav,414,0,414
1243,train/dr7/mkdb0/si588.wav,414,236,414
1244,train/dr7/mkdb0/si872.wav,414,0,414
1245,train/dr7/mklr0/si1059.wav,415,0,415
1246,train/dr7/mklr0/si1689.wav,415,0,415
1247,train/dr7/mklr0/si2319.wav,415,330,415
1248,train/dr7/mmdg0/si1780.wav,416,0,416
1249,train/dr7/mmdg0/si2035.wav,416,0,416
1250,train/dr7/mmdg0/si520.wav,416,0,416
1251,train/dr7/mmws1/si1071.wav,417,0,417
1252,train/dr7/mmws1/si1701.wav,417,0,417
1253,train/dr7/mmws1/si2331.wav,417,0,417
1254,train/dr7/mntw0/si1068.wav,418,0,418
1255,train/dr7/mntw0/si1698.wav,418,0,418
1256,train/dr7/mntw0/si2328.wav,418,0,418
1257,train/dr7/mpar0/si1576.wav,419,0,419
1258,train/dr7/mpar0/si2206.wav,419,0,419
1259,train/dr7/mpar0/si946.wav,419,0,419
1260,train/dr7/mpfu0/si1258.wav,420,0,420
1261,train/dr7/mpfu0/si1888.wav,420,420,420
1262,train/dr7/mpfu0/si628.wav,420,0,420
1263,train/dr7/mrem0/si1591.wav,421,0,421
1264,train/dr7/mrem0/si511.wav,421,0,421
1265,train/dr7/mrem0/si961.wav,421,0,421
1266,train/dr7/mrlj1/si1671.wav,422,0,422
1267,train/dr7/mrlj1/si2301.wav,422,0,422
1268,train/dr7/mrlj1/si2332.wav,422,0,422
1269,train/dr7/mrmg0/si1080.wav,423,345,423
1270,train/dr7/mrmg0/si1710.wav,423,0,423
1271,train/dr7/mrmg0/si2340.wav,423,0,423
1272,train/dr7/mrmh0/si1021.wav,424,0,424
1273,train/dr7/mrmh0/si1349.wav,424,0,424
1274,train/dr7/mrmh0/si2281.wav,424,0,424
1275,train/dr7/mrpc1/si1482.wav,425,0,425
1276,train/dr7/mrpc1/si2026.wav,425,0,425
1277,train/dr7/mrpc1/si2112.wav,425,0,425
1278,train/dr7/msah1/si1049.wav,426,426,426
1279,train/dr7/msah1/si1679.wav,426,426,426
1280,train/dr7/msah1/si2309.wav,426,426,426
1281,train/dr7/msdb0/si1007.wav,427,0,427
1282,train/dr7/msdb0/si1637.wav,427,0,427
1283,train/dr7/msdb0/si2267.wav,427,0,427
1284,train/dr7/mses0/si1589.wav,428,0,428
1285,train/dr7/mses0/si2216.wav,428,0,428
1286,train/dr7/mses0/si2219.wav,428,0,428
1287,train/dr7/mtab0/si1572.wav,429,0,429
1288,train/dr7/mtab0/si2202.wav,429,0,429
1289,train/dr7/mtab0/si942.wav,429,0,429
1290,train/dr7/mter0/si1157.wav,430,0,430
1291,train/dr7/mter0/si1787.wav,430,0,430
1292,train/dr7/mter0/si527.wav,430,0,430
1293,train/dr7/mtkd0/si1187.wav,431,0,431
1294,train/dr7/mtkd0/si1817.wav,431,0,431
1295,train/dr7/mtkd0/si630.wav,431,0,431
1296,train/dr7/mtlc0/si1313.wav,432,0,432
1297,train/dr7/mtlc0/si1477.wav,432,0,432
1298,train/dr7/mtlc0/si847.wav,432,0,432
1299,train/dr7/mtml0/si1065.wav,433,0,433
1300,train/dr7/mtml0/si1695.wav,433,0,433
1301,train/dr7/mtml0/si2325.wav,433,0,433
1302,train/dr7/mtmn0/si1064.wav,434,0,434
1303,train/dr7/mtmn0/si2324.wav,434,0,434
1304,train/dr7/mtmn0/si582.wav,434,0,434
1305,train/dr7/mtpr0/si1600.wav,435,0,435
1306,train/dr7/mtpr0/si2230.wav,435,0,435
1307,train/dr7/mtpr0/si506.wav,435,0,435
1308,train/dr7/mtwh1/si1512.wav,436,0,436
1309,train/dr7/mtwh1/si2142.wav,436,0,436
1310,train/dr7/mtwh1/si882.wav,436,0,436
1311,train/dr7/mvrw0/si1485.wav,437,0,437
1312,train/dr7/mvrw0/si2115.wav,437,0,437
1313,train/dr7/mvrw0/si855.wav,437,0,437
1314,train/dr7/mwre0/si1057.wav,438,0,438
1315,train/dr7/mwre0/si1687.wav,438,0,438
1316,train/dr7/mwre0/si2317.wav,438,438,438
1317,train/dr7/mwrp0/si1443.wav,439,236,439
1318,train/dr7/mwrp0/si1525.wav,439,0,236
1319,train/dr7/mwrp0/si2073.wav,439,236,439
1320,train/dr8/fbcg1/si1612.wav,440,0,440
1321,train/dr8/fbcg1/si2242.wav,440,0,440
1322,train/dr8/fbcg1/si982.wav,440,0,440
1323,train/dr8/fceg0/si1248.wav,441,0,441
1324,train/dr8/fceg0/si1878.wav,441,0,441
1325,train/dr8/fceg0/si618.wav,441,441,441
1326,train/dr8/fclt0/si1438.wav,442,0,442
1327,train/dr8/fclt0/si2068.wav,442,0,442
1328,train/dr8/fclt0/si808.wav,442,0,442
1329,train/dr8/fjrb0/si1302.wav,443,0,443
1330,train/dr8/fjrb0/si1932.wav,443,0,443
1331,train/dr8/fjrb0/si672.wav,443,0,443
1332,train/dr8/fklh0/si1257.wav,444,0,444
1333,train/dr8/fklh0/si1887.wav,444,56,444
1334,train/dr8/fklh0/si627.wav,444,0,444
1335,train/dr8/fmbg0/si1160.wav,445,0,445
1336,train/dr8/fmbg0/si1790.wav,445,0,445
1337,train/dr8/fmbg0/si2264.wav,445,0,445
1338,train/dr8/fnkl0/si1522.wav,446,0,446
1339,train/dr8/fnkl0/si2152.wav,446,0,446
1340,train/dr8/fnkl0/si892.wav,446,0,446
1341,train/dr8/fpls0/si1590.wav,447,0,447
1342,train/dr8/fpls0/si2220.wav,447,0,447
1343,train/dr8/fpls0/si960.wav,447,0,447
1344,train/dr8/mbcg0/si2217.wav,448,0,448
1345,train/dr8/mbcg0/si486.wav,448,0,448
1346,train/dr8/mbcg0/si957.wav,448,0,448
1347,train/dr8/mbsb0/si1353.wav,449,0,449
1348,train/dr8/mbsb0/si1983.wav,449,0,449
1349,train/dr8/mbsb0/si723.wav,449,0,449
1350,train/dr8/mcxm0/si1351.wav,450,0,450
1351,train/dr8/mcxm0/si1981.wav,450,0,450
1352,train/dr8/mcxm0/si721.wav,450,450,450
1353,train/dr8/mejs0/si1240.wav,451,0,451
1354,train/dr8/mejs0/si1870.wav,451,0,451
1355,train/dr8/mejs0/si610.wav,451,0,451
1356,train/dr8/mkdd0/si1567.wav,452,0,452
1357,train/dr8/mkdd0/si2197.wav,452,0,452
1358,train/dr8/mkdd0/si937.wav,452,0,452
1359,train/dr8/mkrg0/si1491.wav,453,453,453
1360,train/dr8/mkrg0/si2121.wav,453,0,453
1361,train/dr8/mkrg0/si861.wav,453,0,453
1362,train/dr8/mmea0/si1388.wav,454,0,454
1363,train/dr8/mmea0/si2018.wav,454,451,451
1364,train/dr8/mmea0/si758.wav,454,0,454
1365,train/dr8/mmlm0/si1527.wav,455,0,455
1366,train/dr8/mmlm0/si2150.wav,455,0,455
1367,train/dr8/mmlm0/si897.wav,455,0,455
1368,train/dr8/mmpm0/si1061.wav,456,0,456
1369,train/dr8/mmpm0/si1691.wav,456,0,456
1370,train/dr8/mmpm0/si2321.wav,456,0,456
1371,train/dr8/mmws0/si1518.wav,457,31,457
1372,train/dr8/mmws0/si559.wav,457,0,457
1373,train/dr8/mmws0/si888.wav,457,0,457
1374,train/dr8/mrdm0/si1044.wav,458,0,458
1375,train/dr8/mrdm0/si1595.wav,458,0,458
1376,train/dr8/mrdm0/si965.wav,458,0,458
1377,train/dr8/mrlk0/si1468.wav,459,0,459
1378,train/dr8/mrlk0/si2140.wav,459,0,459
1379,train/dr8/mrlk0/si843.wav,459,0,459
1380,train/dr8/mrre0/si1334.wav,460,0,460
1381,train/dr8/mrre0/si704.wav,460,0,460
1382,train/dr8/mrre0/si952.wav,460,0,460
1383,train/dr8/mtcs0/si1972.wav,461,0,461
1384,train/dr8/mtcs0/si2265.wav,461,0,384
1385,train/dr8/mtcs0/si712.wav,461,0,461
